latitude,longitude,gshhg_distance_km,natural_earth_distance_km,absolute_difference_km
-21.5,223.125,24.4,24.26602338384105,0.13397661615895018
71.75,29.0,78.2,79.17523597851297,0.9752359785129698
-9.25,199.75,124.4,124.71914734228693,0.3191473422869251
-39.25,119.125,464.3,471.16745260930287,6.867452609302859
-2.5,75.0,284.6,284.7407534081864,0.14075340818635595
55.375,186.375,271.8,275.75622869643007,3.9562286964300597
-34.0,152.125,77.5,77.73050691637673,0.2305069163767257
-50.0,178.5,37.4,36.163922767912055,1.2360772320879434
0.375,189.5,374.4,373.74876048812683,0.6512395118731433
71.875,6.125,457.90000000000003,460.26426481413205,2.3642648141320137
-67.75,40.0,101.4,101.65712480531282,0.257124805312813
-49.125,65.75,196.0,211.4679013742484,15.467901374248413
-29.0,180.5,150.4,151.83579240521627,1.4357924052162616
18.125,94.25,14.7,16.706811622028894,2.006811622028895
50.5,184.625,151.3,151.22409312576778,0.0759068742322313
72.0,347.5,174.20000000000002,173.12280136551752,1.0771986344824995
4.25,156.625,183.3,179.57925628680022,3.720743713199795
62.125,349.625,139.5,142.01861826219073,2.518618262190728
82.875,303.5,63.2,63.10777326930638,0.09222673069362486
39.0,292.125,307.20000000000005,306.90817924984543,0.2918207501546135
82.0,112.125,271.9,270.73108819130425,1.168911808695725
-47.875,49.5,170.8,202.73309646212593,31.933096462125917
-5.5,71.375,42.0,43.54561721661237,1.5456172166123707
-21.5,333.875,303.20000000000005,306.04997843051956,2.8499784305195135
59.75,342.5,325.20000000000005,325.13101530570776,0.06898469429228271
78.75,349.25,151.4,147.10071383041156,4.2992861695884415
-36.625,309.375,375.3,377.47180729399196,2.1718072939919466
68.0,187.125,93.60000000000001,103.64667382270216,10.046673822702147
11.125,159.125,232.60000000000002,471.8251908039836,239.2251908039836
62.75,274.25,41.400000000000006,43.88345942077954,2.483459420779532
-17.5,219.625,37.6,33.673401148808495,3.926598851191507
82.75,359.5,216.0,212.99855773936613,3.0014422606338655
76.75,160.625,66.30000000000001,106.3394756051333,40.03947560513329
38.5,19.125,110.4,110.57068672274293,0.1706867227429285
-51.25,79.25,422.40000000000003,424.81957563488527,2.419575634885234
84.0,265.5,205.20000000000002,204.82287995174428,0.3771200482557333
-51.125,6.75,427.20000000000005,425.1380483490001,2.0619516509999585
33.625,291.625,357.30000000000007,357.5409273913814,0.24092739138131947
40.375,329.625,94.75,94.2809256570281,0.46907434297189354
-14.625,53.0,214.10000000000002,214.86592170496172,0.7659217049616984
-70.875,251.875,225.35000000000002,242.77090194498513,17.420901944985104
-49.625,55.375,418.5,440.6442301086562,22.14423010865619
0.75,351.375,414.1,414.16828308852973,0.06828308852971077
67.875,356.875,397.35,398.9205953146243,1.5705953146242564
8.375,115.875,50.300000000000004,124.55392179569267,74.25392179569266
-11.375,41.875,129.45,147.51415495475163,18.064154954751643
16.75,241.0,482.20000000000005,478.8606549036628,3.33934509633724
-12.875,356.25,395.20000000000005,394.8468578828033,0.3531421171967395
18.875,193.0,353.30000000000007,355.23099699068683,1.930996990686765
56.625,4.5,199.2,204.51737605621568,5.317376056215693
-62.875,149.75,454.0,521.9157091333984,67.91570913339842
19.625,299.625,261.20000000000005,260.82778779563495,0.3722122043650984
1.75,164.125,398.9,398.39302639967127,0.5069736003287062
-66.0,306.625,238.3,238.46674605345405,0.16674605345403393
54.375,306.0,146.0,152.9188977667244,6.918897766724399
77.5,152.75,101.4,101.43853303041483,0.038533030414825475
74.125,289.375,209.10000000000002,209.5816397404901,0.48163974049006697
-10.125,214.625,470.6,471.32585288293944,0.7258528829394209
12.5,163.75,181.8,188.4104813567088,6.610481356708789
79.75,113.25,194.8,196.66752977174679,1.8675297717467743
76.625,61.625,34.7,34.47607292425747,0.22392707574253023
-5.75,175.375,79.0,83.38322725084865,4.383227250848648
-31.5,274.75,485.8,485.98394612751343,0.18394612751342265
81.625,102.25,112.1,111.7227188060732,0.37728119392679105
22.75,64.75,267.8,268.7890488154464,0.989048815446381
-6.875,172.375,431.90000000000003,435.3084590457506,3.4084590457505897
18.875,93.875,2.1000000000000005,2.478615692673686,0.37861569267368544
-75.375,198.375,209.0,209.21655566149354,0.216555661493544
-50.25,165.75,40.2,40.14760469347351,0.052395306526491936
-7.625,327.0,199.4,198.96645294176352,0.4335470582364849
19.375,71.25,150.10000000000002,151.07013534934384,0.9701353493438205
61.375,343.625,249.8,250.21549872329425,0.41549872329423465
20.375,38.5,91.4,102.98385912838894,11.583859128388937
23.25,287.875,118.7,119.13262300469839,0.4326230046983852
19.75,245.75,158.60000000000002,162.9293552416126,4.329355241612575
-61.125,302.125,86.3,86.959594101895,0.6595941018949958
47.25,153.5,58.400000000000006,61.09534023760013,2.695340237600128
-8.25,191.25,294.40000000000003,294.51196443406934,0.11196443406930712
48.75,183.5,317.6,317.67201788784007,0.07201788784004748
76.125,24.375,38.25,38.11514801164241,0.13485198835758894
-8.25,100.375,370.0,371.39925336014863,1.3992533601486343
-29.125,211.375,447.90000000000003,450.92098328282674,3.0209832828267054
-14.375,279.625,392.70000000000005,423.9629401914124,31.262940191412326
16.625,292.25,156.5,157.2002712803781,0.7002712803781037
54.75,189.375,189.20000000000002,199.65129653503539,10.451296535035368
79.0,152.625,226.8,227.00032283446726,0.20032283446724364
-35.5,14.375,390.0,389.44531313796506,0.5546868620349414
38.125,333.25,62.4,63.4742240155315,1.0742240155314988
-8.375,133.75,162.3,168.88939639771831,6.589396397718303
-64.125,84.75,249.3,266.5618576339215,17.261857633921466
0.125,267.25,125.80000005960466,127.99734063737182,2.1973405777671644
-63.0,145.0,412.40000000000003,433.2174580643693,20.817458064369248
-12.0,130.25,22.400000000000002,22.475297650914772,0.07529765091477003
-20.5,322.0,213.4,211.6157265543885,1.7842734456115181
57.375,1.875,218.2,217.83441587115038,0.3655841288496049
-29.25,172.25,415.20000000000005,413.8588605818781,1.3411394181219407
13.125,337.75,238.90000000000003,240.39428288327622,1.4942828832761847
-14.375,216.0,86.70000000000002,94.82848188260006,8.128481882600042
48.0,156.125,166.10000000000002,166.84367600734254,0.7436760073425148
31.5,337.75,491.40000000000003,492.25887786775485,0.8588778677548135
-75.375,176.875,247.5,286.3406664584045,38.840666458404485
-3.375,172.5,343.20000000000005,343.87619896919375,0.676198969193706
18.625,111.75,126.6,129.26521720861462,2.665217208614621
-15.5,137.875,81.5,82.34799991705403,0.8479999170540253
-50.25,171.875,307.20000000000005,308.5962823549623,1.3962823549622385
78.75,64.875,163.10000000000002,170.85514732224627,7.755147322246245
19.625,299.25,240.3,240.07908545437104,0.22091454562897184
-48.25,306.5,469.40000000000003,469.67549685032725,0.27549685032721527
-6.25,347.125,245.40000000000003,244.45308499396003,0.9469150060400011
9.875,199.125,417.5,416.0280531375627,1.471946862437278
39.875,146.125,332.15000000000003,332.8946899905667,0.7446899905666555
74.625,266.75,9.100000000000001,9.755702474885032,0.6557024748850306
74.625,54.125,43.550000000000004,41.11385764571004,2.436142354289963
-30.5,32.75,176.4,175.90916905568582,0.49083094431418317
54.375,192.375,55.150000000000006,60.40040245499973,5.250402454999723
55.625,222.5,178.70000000000002,180.70383556749414,2.0038355674941215
75.5,29.5,161.4,159.67034250294915,1.7296574970508516
3.5,110.875,93.4,93.387648547433,0.012351452567003207
6.875,345.125,216.0,225.73001120900707,9.730011209007074
-55.375,76.0,287.3,288.3436914132072,1.0436914132071706
7.375,165.25,181.0,258.64729332742945,77.64729332742945
-12.0,210.75,245.4,282.14575260353297,36.745752603532964
0.875,133.125,144.0,131.50874109504406,12.491258904955941
-61.5,92.75,424.8,466.55145614441574,41.75145614441573
51.0,164.75,396.6,396.49594012021686,0.10405987978316489
64.625,8.0,76.10000000000001,97.47141262104833,21.37141262104832
82.875,39.5,252.70000000000002,254.15794779812154,1.4579477981215234
72.875,23.125,200.05,203.94926274989078,3.8992627498907666
-63.625,42.625,433.8,433.98289725874906,0.18289725874905116
53.875,172.5,97.30000000000001,96.92203778223309,0.37796221776692107
0.0,195.875,456.8,457.26001413726203,0.46001413726202145
-27.25,245.625,485.90000000000003,486.6432650114538,0.7432650114537864
75.25,238.25,56.2,56.17417360247874,0.025826397521264255
-64.875,53.625,107.7,108.07639867825151,0.37639867825150475
55.625,351.75,39.0,47.76480827716403,8.764808277164029
-21.125,319.375,22.2,21.991428464909625,0.20857153509037474
0.875,154.125,73.85,66.30684276307778,7.543157236922212
-43.25,164.625,278.0,279.4512381823467,1.4512381823466853
-50.0,166.0,58.400000000000006,59.33409754331592,0.9340975433159144
72.875,139.0,46.900000000000006,45.631013321301694,1.2689866786983117
12.625,138.125,327.70000000000005,337.6723604670481,9.972360467048077
-14.125,197.125,90.95,462.3229220489277,371.3729220489277
-21.625,153.75,3.0,1.6612259209623537,1.3387740790376463
42.125,335.625,436.2,437.6717135372136,1.4717135372135886
-5.875,199.375,444.40000000000003,447.47994816702135,3.079948167021314
12.75,55.125,66.80000000000001,67.21455436275158,0.41455436275157354
71.0,229.125,93.80000000000001,92.40097259347408,1.3990274065259314
-75.5,322.75,217.60000000000002,218.92794302091153,1.3279430209115048
-35.75,116.75,75.60000000000001,78.1573488708267,2.5573488708266865
-38.375,281.625,384.25000000000006,385.4673563077516,1.2173563077515155
-7.75,344.625,106.7,107.52795896398825,0.8279589639882516
-36.0,155.25,412.0,411.54918170626735,0.45081829373265236
57.125,154.875,82.10000000000001,81.6050770207612,0.4949229792388081
12.125,302.125,202.05,202.1305139861989,0.08051398619889483
57.5,273.875,160.9,162.51721425571355,1.6172142557135487
-13.25,214.75,132.20000000000002,134.42554818413421,2.2255481841341975
-71.375,170.375,0.39999999999999997,0.020644867515549503,0.37935513248445046
20.25,147.5,226.20000000000002,227.0775650911598,0.877565091159795
-17.125,153.75,226.4,399.2589119848113,172.85891198481127
2.875,160.125,375.3,409.5773575181875,34.2773575181875
-29.25,169.125,113.20000000000002,112.17178401506055,1.0282159849394645
61.5,351.375,82.4,84.40075072406476,2.0007507240647584
55.125,308.625,333.0,338.7051199596629,5.705119959662909
-63.5,61.5,390.6,391.14183443522643,0.5418344352264057
-36.875,134.875,183.7,182.9737381067657,0.7262618932342946
79.375,32.875,67.7,67.27864373120329,0.42135626879671406
37.125,284.125,1.75,1.0428661567544029,0.7071338432455971
56.0,141.625,116.6,187.8379402051136,71.2379402051136
40.25,287.0,45.6,45.58840138688723,0.011598613112774103
77.25,116.5,120.2,121.32908570026449,1.1290857002644827
-1.5,117.125,34.400000000000006,33.930992738126776,0.46900726187323016
-38.375,283.625,209.95,211.12546465151104,1.1754646515110494
75.125,296.75,94.30000000000001,114.46952001725596,20.169520017255948
-51.625,64.125,336.15000000000003,391.6527675827619,55.50276758276186
-62.875,85.5,381.8,405.2383950959244,23.438395095924363
-5.375,344.0,331.5,331.05346328087467,0.44653671912533355
-8.75,8.75,467.6,467.1536147994806,0.44638520051944397
-9.875,92.75,472.70000000000005,510.05487565407657,37.35487565407652
-33.625,346.625,395.65,393.92133485618467,1.7286651438153058
38.25,147.5,489.8,490.1068655992904,0.30686559929040413
39.125,137.375,129.70000000000002,131.00880360979446,1.3088036097944382
-34.75,302.625,32.7,32.18862530335813,0.5113746966418731
-24.25,161.375,408.3,487.85258679420986,79.55258679420984
24.625,156.125,219.60000000000002,219.70051894789094,0.10051894789091875
45.75,146.375,112.7,115.30768836169526,2.607688361695253
72.125,23.625,115.00000000000001,119.38439311999961,4.384393119999601
59.625,267.25,96.20000000000002,99.00277248606027,2.802772486060249
74.875,3.875,380.70000000000005,381.2679399380042,0.5679399380041446
-39.375,284.875,139.45000000000002,137.84042152305983,1.609578476940186
13.125,165.125,159.4,158.22136690872233,1.1786330912776748
-18.125,203.375,221.85000000000002,215.21099808454474,6.639001915455282
-64.625,150.375,293.6,376.49455827205253,82.8945582720525
-67.75,75.125,137.60000000000002,158.2177455889487,20.61774558894868
-15.125,7.875,421.8,421.6019262657883,0.19807373421173224
4.0,204.75,320.0,321.13112715439433,1.1311271543943349
76.125,56.5,66.2,63.884453513391,2.3155464866090014
79.25,2.5,170.0,170.2910440143208,0.2910440143207893
51.125,187.5,107.10000000000001,111.54474965571688,4.444749655716876
51.375,308.875,230.35,276.3234047352737,45.973404735273704
-14.0,326.375,487.0,487.419993397137,0.41999339713697736
-18.25,206.75,172.60000000000002,172.97200964186402,0.3720096418639969
19.875,163.625,318.15000000000003,320.56885061901187,2.4188506190118346
-2.75,71.5,278.8,277.8262355146616,0.9737644853383927
43.75,136.25,58.800000000000004,59.53812282670947,0.7381228267094642
21.875,165.25,317.90000000000003,319.98617226116687,2.086172261166837
49.625,350.625,199.7,204.73786269754387,5.037862697543886
79.25,258.875,21.900000000000002,21.74451601508912,0.15548398491088378
-17.75,161.0,199.60000000000002,345.9281076760136,146.3281076760136
32.5,238.25,208.60000000000002,208.91781263275723,0.31781263275721017
-10.875,177.875,177.55,196.89305991479137,19.343059914791354
-15.5,158.25,331.6,472.6198540991741,141.0198540991741
84.0,281.125,98.30000000000001,109.27866540601305,10.978665406013036
10.875,46.75,7.9,6.891306132871103,1.0086938671288976
78.375,4.625,137.60000000000002,137.65934439839893,0.05934439839890615
56.25,317.0,391.20000000000005,397.43692943219565,6.236929432195609
77.875,233.125,187.15,190.1494725350961,2.999472535096089
7.375,115.75,95.4,115.58477754953314,20.184777549533138
-71.125,246.0,304.6,304.5835954385527,0.016404561447302513
20.25,332.75,403.8,404.55555766880883,0.7555576688088195
10.25,276.75,4.0,14.340819780159027,10.340819780159027
-19.625,206.0,252.10000000000002,310.692935644969,58.592935644968975
-67.875,3.5,235.10000000000002,253.8479151523558,18.747915152355773
4.375,172.125,137.8,164.67121548123595,26.871215481235936
-60.625,310.625,183.45,183.64868644896015,0.19868644896016008
62.0,337.5,173.4,192.72422330077424,19.324223300774236
50.0,167.5,471.40000000000003,473.8630735652488,2.4630735652487488
23.875,64.375,143.85000000000002,146.10884842642946,2.258848426429438
-9.375,149.25,5.700000000000001,7.100850188102149,1.4008501881021482
64.5,305.125,122.0,128.40751561773294,6.40751561773294
77.875,159.5,108.30000000000001,108.85123070363827,0.5512307036382538
72.25,285.5,6.6000000000000005,14.993580146255322,8.39358014625532
3.5,176.25,361.20000000000005,366.12952137856036,4.92952137856031
-63.125,162.375,346.20000000000005,347.65178325043587,1.451783250435824
-57.75,295.5,251.8,257.766829458502,5.966829458501991
24.5,156.875,293.4,293.51575884540523,0.11575884540525294
46.0,155.125,242.4,245.44843341177747,3.0484334117774665
47.125,310.375,230.20000000000002,229.60416866675064,0.5958313332493788
73.625,160.875,300.1,299.32546358961724,0.7745364103827796
24.75,126.125,65.9,67.89852484794736,1.9985248479473512
-17.75,205.625,112.1,112.75742659213911,0.6574265921391174
80.875,229.25,436.70000000000005,442.3099399322367,5.609939932236671
-16.875,166.875,68.05,70.27863530381975,2.2286353038197575
-11.375,59.25,295.0,311.8845509686567,16.884550968656697
-29.75,186.75,448.0,447.98722692088927,0.012773079110729668
69.125,244.125,12.55,12.875334579541224,0.3253345795412237
13.0,81.0,76.0,75.2627749388979,0.7372250611020945
-42.75,297.625,100.0,99.99783444938595,0.002165550614051881
-17.375,183.625,207.3,207.07541851508813,0.22458148491188012
17.5,342.375,152.4,149.60933057296748,2.790669427032526
-37.875,20.25,339.20000000000005,340.22502688521575,1.0250268852157092
48.0,152.125,68.7,68.82337465095758,0.12337465095757238
-53.5,179.0,419.6,420.42449412237613,0.8244941223761089
77.0,71.75,72.0,74.90925222730904,2.9092522273090395
-27.5,50.625,446.6,450.74377802242066,4.1437780224206335
76.875,226.875,267.5,274.5226440998372,7.02264409983718
65.5,3.125,310.6,317.6719786449346,7.071978644934575
79.5,358.125,250.5,251.77478772858524,1.2747877285852383
26.5,128.25,12.4,12.470771993016575,0.07077199301657444
57.25,317.75,290.8,298.4347742127805,7.634774212780485
-20.625,110.25,409.40000000000003,409.6586351078055,0.2586351078054463
79.25,245.0,91.80000000000001,97.1524031115999,5.352403111599884
42.25,33.625,28.200000000000003,27.41780945037319,0.7821905496268116
40.0,231.0,392.6,392.8377081931132,0.23770819311317837
-59.75,292.625,366.90000000000003,426.29318990109226,59.39318990109223
-34.125,345.25,395.0,394.4311598058388,0.5688401941612256
61.25,298.625,175.5,178.07878527120639,2.5787852712063852
28.5,142.375,88.4,89.5454125042032,1.1454125042031933
-0.75,325.75,348.6,399.22501618632464,50.625016186324615
-21.125,330.75,66.80000000000001,60.83368383173253,5.966316168267483
74.125,170.75,416.5,414.5219397935311,1.9780602064689106
9.125,154.625,110.45,110.7744966057036,0.32449660570360095
-75.625,164.25,10.4,35.81062824370906,25.410628243709063
40.75,130.125,35.2,35.310151399812284,0.11015139981228117
-46.875,167.125,34.150000000000006,42.30352478884024,8.153524788840237
37.125,16.625,101.7,102.56937866461358,0.8693786646135777
18.25,192.875,300.6,302.8527829764158,2.2527829764158014
83.875,305.25,129.20000000000002,136.53663315838307,7.3366331583830515
-72.25,257.125,0.7,24.10003035874399,23.40003035874399
-32.75,132.0,53.2,82.69509619340327,29.49509619340327
-20.625,155.5,77.0,77.0180286135168,0.018028613516804626
-16.75,56.375,219.4,219.51501236739168,0.11501236739167098
73.25,186.625,219.90000000000003,220.08401665719288,0.1840166571928421
7.0,141.625,159.10000000000002,330.36464854955665,171.26464854955663
-45.375,295.0,40.6,60.999028706838885,20.399028706838884
75.25,84.0,46.800000000000004,49.054329170852185,2.2543291708521807
-53.125,7.125,279.5,278.0768626468922,1.4231373531077907
17.375,169.375,304.65,309.8149021661291,5.1649021661291385
79.625,341.5,8.8,6.800716071690642,1.9992839283093584
10.875,296.375,20.5,20.88232503971652,0.38232503971651965
5.0,134.625,216.3,215.77000105111136,0.5299989488886467
5.25,197.25,98.80000000000001,100.47447620857149,1.6744762085714768
65.0,336.125,8.2,7.8112169538812175,0.3887830461187818
76.625,92.5,37.5,35.474707710709986,2.0252922892900145
24.0,241.375,309.6,309.30316344699855,0.2968365530014694
-62.875,160.625,382.35,383.97860036357366,1.6286003635736392
19.625,269.125,18.15,17.871148801405702,0.2788511985942961
-12.125,139.625,218.45000000000002,218.46692072216783,0.01692072216781071
11.125,336.5,419.40000000000003,420.630218054367,1.2302180543669579
-46.75,182.75,268.6,279.610221867314,11.010221867313987
13.75,91.5,147.8,152.46313301966003,4.663133019660023
-6.0,181.375,337.5,338.74299337497513,1.2429933749751285
74.75,179.125,352.70000000000005,353.66570777630096,0.965707776300917
-6.375,161.0,169.5,171.83304622995374,2.3330462299537373
-0.125,181.125,268.94999984353785,268.05843917130125,0.8915606722366078
81.0,123.375,421.70000000000005,423.11520881937133,1.415208819371287
-3.25,107.625,1.7000000000000002,1.2396484482766323,0.46035155172336784
6.125,174.375,246.0,259.4231353995606,13.423135399560579
2.375,175.5,246.5,246.41780506967072,0.08219493032927971
14.125,42.625,13.15,13.514391224594151,0.36439122459415074
-28.75,217.875,163.4,247.10649769951195,83.70649769951194
-7.25,115.5,24.0,29.0094612727,5.009461272700001
-48.25,168.625,96.4,129.84725729463258,33.44725729463258
36.125,27.375,16.050000000000004,16.467221097112198,0.41722109711219346
33.25,234.125,496.90000000000003,497.07607933100076,0.1760793310007216
-55.125,278.875,486.90000000000003,490.5781326169939,3.678132616993878
4.5,82.625,236.60000000000002,237.39488642710165,0.7948864271016305
3.0,77.125,378.5,377.6111067096329,0.8888932903670934
48.125,312.5,388.1,387.7442664884582,0.3557335115418141
23.875,275.875,122.65,126.25757529775694,3.607575297756938
79.125,240.75,143.7,153.1204903442223,9.420490344222316
70.25,293.75,46.400000000000006,48.09517353879475,1.6951735387947409
24.875,141.125,18.85,20.205975591646624,1.3559755916466223
-14.75,146.125,65.1,86.45339629577501,21.353396295775013
58.625,171.875,169.1,170.13788048717188,1.0378804871718899
-77.0,182.625,104.4,329.50482465147854,225.10482465147854
31.75,33.25,57.800000000000004,58.32519317507206,0.5251931750720544
-67.5,359.0,234.4,294.762046909964,60.36204690996399
-0.125,127.375,4.399999701976803,12.735649389221818,8.335649687245015
15.0,40.75,10.600000000000001,12.90145135122929,2.3014513512292893
-9.0,93.5,461.6,502.64896794865194,41.04896794865192
71.125,259.625,25.35,47.80976801869313,22.459768018693126
-37.125,131.875,361.35,404.8814800998244,43.531480099824364
59.25,22.875,22.0,21.547265544259133,0.4527344557408668
-71.375,180.125,324.90000000000003,325.09483535483236,0.19483535483232117
27.0,288.0,401.8,402.26066699339134,0.4606669933913281
-31.5,169.5,302.8,306.72194763655625,3.92194763655624
74.75,353.375,312.1,311.3811893849526,0.7188106150474027
79.875,101.125,21.55,22.3501585516931,0.800158551693098
-49.5,166.75,115.2,119.52819445776578,4.328194457765775
-1.125,129.125,20.200000000000003,69.3072666542973,49.10726665429729
-11.75,198.375,158.0,165.5225748001365,7.5225748001365105
-28.5,182.5,88.80000000000001,89.9770021250462,1.1770021250461866
43.625,345.125,454.90000000000003,456.84045027824925,1.940450278249216
-30.0,158.75,168.8,171.2563339533805,2.4563339533804935
60.75,272.625,247.8,249.0406228923328,1.2406228923327944
1.375,313.75,243.8,240.50534951237108,3.294650487628928
73.625,214.875,361.0,369.1615080222426,8.161508022242572
70.625,304.125,34.75,34.95948268226545,0.20948268226545252
75.625,131.375,118.1,114.85452132185443,3.2454786781455596
27.25,280.25,41.0,41.33523989145851,0.33523989145850663
-9.625,206.625,120.35,260.1894845557008,139.8394845557008
-13.125,115.125,475.35,475.16968442997927,0.1803155700207526
74.875,131.375,127.5,128.9210656092786,1.4210656092785996
-39.5,185.25,483.40000000000003,485.05109976065205,1.6510997606520164
-1.875,172.625,227.95,236.98593638894727,9.035936388947277
10.875,100.125,64.55,66.58023229221065,2.0302322922106555
-45.5,36.625,156.8,156.5304627004331,0.2695372995669061
-11.125,193.0,121.10000000000001,131.12264088308973,10.022640883089721
1.625,313.875,274.1,271.0495473205606,3.050452679439445
-74.75,172.875,155.60000000000002,156.41824597985033,0.8182459798503032
24.25,196.125,112.1,112.55201397721407,0.45201397721407943
57.5,165.75,147.0,146.0497300607101,0.9502699392899103
-22.875,217.125,261.0,261.9066563798394,0.9066563798393759
-1.375,117.75,63.6,64.83781929861529,1.2378192986152854
-7.5,206.0,291.40000000000003,292.69173688412343,1.2917368841233952
-66.875,172.0,311.5,311.4242197568086,0.07578024319138876
-16.875,178.375,6.65,6.756877647088427,0.10687764708842629
-11.5,60.625,442.5,459.1352471974164,16.63524719741639
-2.625,161.125,278.9,586.3480131114565,307.4480131114565
-21.125,230.5,335.0,336.3746282710186,1.3746282710185938
63.75,280.875,39.900000000000006,41.29508318941697,1.3950831894169653
38.375,20.25,13.3,13.125618734409601,0.1743812655903998
6.875,342.25,490.0,493.8137433331009,3.813743333100888
42.75,132.5,4.0,5.856724864897725,1.8567248648977248
38.125,20.875,5.75,6.206525933854726,0.45652593385472606
-28.5,112.25,132.6,139.83407176661927,7.23407176661928
-70.25,330.25,444.6,485.3485797114601,40.74857971146008
55.875,219.875,290.3,291.02101614545165,0.7210161454516424
11.5,147.75,361.20000000000005,380.5950725174478,19.395072517447772
15.5,243.875,347.5,344.9540538126864,2.545946187313575
17.875,294.25,17.6,18.322607531254736,0.7226075312547344
81.25,294.625,1.7000000000000002,2.2111336751418587,0.5111336751418585
71.375,193.75,194.0,191.37586195553274,2.6241380444672586
82.875,359.125,217.60000000000002,215.87244057556177,1.7275594244382546
2.0,135.125,244.40000000000003,162.5103128317569,81.88968716824314
33.5,299.5,407.0,406.9868852430199,0.01311475698008735
15.75,206.125,400.3,399.5582436460471,0.7417563539528942
14.75,287.5,269.6,268.5552921181529,1.0447078818471027
-72.375,215.625,291.4,342.3729521379819,50.972952137981906
-25.875,159.25,475.1,563.137000507049,88.03700050704902
-5.625,348.75,424.3,423.77826940107815,0.521730598921863
0.0,166.875,55.3,54.99099538991762,0.30900461008237556
41.625,10.75,74.30000000000001,78.45871358479778,4.158713584797766
31.0,19.0,67.8,69.22115916624288,1.4211591662428873
79.0,251.75,50.0,50.401180966990395,0.4011809669903954
-36.125,19.125,156.9,157.5708492230375,0.670849223037493
-29.125,315.875,443.95000000000005,451.1364787437386,7.186478743738576
64.375,9.625,23.250000000000004,32.76696613991344,9.516966139913439
-16.0,183.125,135.5,134.65418754348838,0.8458124565116236
-48.125,46.75,331.1,343.6852836135595,12.585283613559454
62.25,193.0,56.400000000000006,56.52796615294502,0.1279661529450138
23.0,204.0,216.60000000000002,216.9774936676594,0.37749366765936543
76.375,176.875,486.50000000000006,518.9381351647953,32.438135164795256
55.375,175.25,299.1,298.464689638424,0.635310361576046
23.625,146.0,360.1,359.007990391555,1.0920096084450392
3.0,273.125,279.0,280.86941016697114,1.8694101669711358
-21.875,216.0,239.10000000000002,343.8632134081718,104.7632134081718
-9.0,145.25,118.0,119.29215609330788,1.2921560933078808
28.0,189.75,286.8,287.49047393393056,0.6904739339305479
31.125,343.75,113.30000000000001,114.25266914591805,0.952669145918037
81.0,294.25,14.0,16.324955080087452,2.3249550800874523
72.625,284.125,4.25,4.234214532910695,0.015785467089305172
0.125,7.625,96.95000005215408,97.43823845497096,0.4882384028168758
15.875,86.75,388.40000000000003,388.76694062376725,0.3669406237672206
-35.125,132.25,220.3,253.00260820820017,32.70260820820016
-33.125,287.0,115.80000000000001,115.34199318987496,0.45800681012505606
22.25,203.25,116.80000000000001,117.40792854442282,0.6079285444228049
78.5,23.625,32.3,30.851366601459503,1.448633398540494
31.25,245.25,12.600000000000001,11.925205015873619,0.6747949841263825
71.75,33.625,170.7,170.53135080816236,0.1686491918376305
11.5,119.375,12.8,15.406496139322849,2.6064961393228483
12.25,279.25,107.4,107.48605106262838,0.08605106262837126
70.5,245.25,12.8,14.929886145207135,2.1298861452071343
59.375,166.0,47.8,50.68748849783363,2.8874884978336297
12.625,95.25,135.4,136.64005807974303,1.2400580797430223
70.75,176.5,83.4,82.89200798219231,0.5079920178076947
10.375,99.5,14.400000000000002,23.052808098573585,8.652808098573583
42.5,138.25,101.2,102.38300446377283,1.183004463772832
-44.375,153.75,477.6,478.6774437566345,1.077443756634466
71.0,238.625,42.0,40.37242603601845,1.627573963981547
-7.75,178.25,24.200000000000003,34.43141254991146,10.231412549911454
-13.625,202.75,379.6,378.4209912510127,1.1790087489873144
-30.625,217.625,321.25,381.5368369768992,60.286836976899224
-13.75,118.75,327.40000000000003,421.13392705551496,93.73392705551493
3.875,184.5,362.90000000000003,363.8615845539837,0.9615845539836414
57.625,315.375,236.25,244.66036001464613,8.41036001464613
60.0,307.875,217.0,222.40281508554074,5.4028150855407375
-43.75,40.25,365.20000000000005,364.5710728184103,0.628927181589745
-56.625,74.25,383.5,384.6039318112464,1.1039318112464116
-72.0,345.625,6.4,48.69844010742075,42.29844010742075
5.375,307.125,3.6,4.1598076401095,0.5598076401095002
-2.5,72.0,237.4,239.26950524980154,1.8695052498015343
-47.375,300.125,415.45000000000005,416.09059155985557,0.6405915598555225
-33.875,181.375,368.7,492.9860425768558,124.28604257685583
-24.0,50.5,292.8,293.28927298741354,0.4892729874135284
-16.0,323.875,292.5,293.07010495906746,0.5701049590674643
-4.5,112.625,117.80000000000001,117.72628999043715,0.07371000956285911
-1.125,269.625,10.8,12.625475966622684,1.8254759666226832
0.125,310.5,4.799999582767525,4.397858731880735,0.40214085088678964
15.75,126.0,259.40000000000003,266.2851676800201,6.885167680020061
-44.75,350.0,487.0,483.97287025868695,3.027129741313047
24.375,246.5,129.6,129.46931318496107,0.13068681503892776
51.875,164.625,337.95000000000005,337.6779963168029,0.2720036831971697
-65.125,274.0,452.0,446.82541973138933,5.1745802686106686
-68.0,177.25,454.20000000000005,454.38602535781405,0.1860253578140032
-72.0,224.25,261.8,262.08477029802475,0.2847702980247391
-31.25,312.375,271.20000000000005,271.23141883748644,0.03141883748639884
-63.75,70.375,444.30000000000007,445.00850399305637,0.7085039930562971
19.875,162.25,460.20000000000005,462.48042356756184,2.2804235675617974
-44.5,160.375,495.6,499.88925717327527,4.289257173275246
66.625,7.375,195.3,225.07112434476718,29.771124344767173
20.75,245.0,264.40000000000003,267.3567576663714,2.9567576663713453
4.375,143.25,257.6,670.4580217658134,412.8580217658134
30.25,284.625,423.40000000000003,429.1346101456804,5.734610145680392
79.25,90.625,27.8,28.169492622417195,0.3694926224171944
-73.25,229.25,105.4,105.64352549069278,0.2435254906927753
83.375,113.625,350.90000000000003,349.437920880368,1.462079119632051
-71.875,245.25,221.60000000000002,221.81060335431334,0.21060335431332078
-74.5,311.5,258.8,360.2420481305231,101.44204813052306
63.375,296.25,9.0,17.354679417045034,8.354679417045034
37.5,327.25,246.20000000000002,244.19509896047128,2.0049010395287326
-9.875,109.125,232.5,233.11870994422048,0.618709944220484
15.875,121.625,6.5,7.298806542498821,0.7988065424988209
78.75,238.125,168.7,169.63886353444025,0.9388635344402587
-25.75,211.625,216.60000000000002,218.710907301863,2.110907301862966
50.375,198.625,443.6,449.9659679681565,6.365967968156497
0.0,148.875,164.40000000000003,169.02690998205136,4.62690998205133
20.875,202.125,42.900000000000006,42.686772332621906,0.21322766737809928
83.625,320.75,11.700000000000001,21.350881502740805,9.650881502740804
15.625,118.25,164.7,165.0020865968899,0.30208659688992157
49.125,162.25,414.8,414.8803075992824,0.08030759928237785
-69.25,292.5,4.800000000000001,9.99655452294797,5.19655452294797
-37.125,171.625,229.70000000000002,230.93990522333297,1.2399052233329542
42.5,150.375,316.8,315.56002624665246,1.2399737533475559
56.875,318.5,345.20000000000005,353.19600877001636,7.996008770016317
0.125,270.25,29.20000026822088,76.02302699889661,46.823026730675736
-53.125,154.0,355.1,356.17030368278444,1.070303682784413
48.0,354.125,69.1,74.96373030078166,5.863730300781668
-10.0,94.5,305.6,346.54127699581363,40.94127699581361
-40.0,283.875,202.70000000000002,204.1350123539037,1.4350123539036872
-38.625,344.375,293.85,334.6154704972399,40.7654704972399
-11.875,200.25,207.2,207.063423287191,0.13657671280898853
-7.75,348.625,322.6,322.3584273385278,0.2415726614722189
83.125,238.375,450.9,449.5661978775512,1.3338021224487875
-35.375,181.25,350.9,351.8517894157535,0.9517894157535238
75.125,51.0,137.8,135.1566891401991,2.64331085980092
46.0,353.625,249.9,252.05552357659343,2.155523576593424
10.0,52.5,128.4,128.4017098974415,0.0017098974414864188
-54.375,78.25,321.5,323.45755924524445,1.957559245244454
12.875,282.375,277.40000000000003,277.941981614697,0.5419816146969652
-20.125,228.0,391.30000000000007,391.7243698725085,0.4243698725084073
24.875,119.5,11.3,32.417362554440764,21.117362554440763
-65.0,50.625,127.30000000000001,126.86345139990422,0.4365486000957901
-18.75,37.625,100.70000000000002,99.71197249049355,0.9880275095064661
-52.0,176.75,291.0,290.02206786366133,0.9779321363386657
16.75,338.125,106.0,107.35724146297554,1.3572414629755372
-4.625,268.625,377.45000000000005,378.4708081986781,1.0208081986780826
77.5,4.125,192.9,192.67956800340946,0.22043199659054835
82.25,45.75,141.20000000000002,142.5623688731736,1.3623688731735797
-61.875,323.25,431.0,431.2339948378447,0.23399483784470476
-76.25,166.625,77.0,75.49105626293148,1.5089437370685204
23.25,124.75,130.4,132.69923702104765,2.299237021047645
-17.625,287.875,59.0,58.196491306482706,0.8035086935172941
75.25,160.0,177.60000000000002,217.89375039983187,40.29375039983185
26.0,241.875,265.3,264.8977864355019,0.40221356449808354
10.375,70.5,190.60000000000002,189.09447622474656,1.5055237752534651
13.625,292.875,183.5,183.49934661204068,0.0006533879593177971
-7.625,132.375,60.75,60.49275505730567,0.25724494269432796
-2.375,192.875,425.3,447.4271882030422,22.12718820304218
27.625,122.125,76.7,87.92493735886056,11.224937358860558
76.125,144.25,34.5,32.881960915734425,1.6180390842655754
76.375,131.375,132.05,128.11953447882516,3.9304655211748525
8.625,131.875,304.40000000000003,311.3475553361392,6.947555336139146
55.5,306.75,246.4,276.07363379762313,29.673633797623125
73.25,41.875,345.8,345.9413242983113,0.14132429831130366
79.0,93.875,20.0,21.35425672345922,1.354256723459219
-62.125,85.375,465.35,488.4161755582666,23.066175558266593
-35.75,351.875,396.8,393.14189546157286,3.6581045384271533
-11.125,348.625,476.25000000000006,476.9498877514388,0.6998877514387232
-54.5,299.5,193.8,214.77239199299427,20.97239199299426
34.25,345.125,180.4,182.27914994733132,1.8791499473313138
53.125,344.625,338.35,346.46403540123737,8.114035401237345
-62.5,294.25,167.60000000000002,167.73094337115896,0.13094337115893495
51.375,183.75,39.8,39.509782331769195,0.2902176682308024
24.375,66.25,65.30000000000001,65.8284621819862,0.5284621819861854
16.75,284.875,116.1,171.82830728607297,55.728307286072976
-8.0,150.0,35.800000000000004,124.11623897571704,88.31623897571703
-51.75,64.875,302.1,356.8749710025267,54.774971002526684
17.125,301.625,292.70000000000005,291.5268856823894,1.1731143176106684
-13.375,355.125,294.25,293.6240768130552,0.6259231869448172
-36.5,137.125,14.9,50.91705079951013,36.01705079951013
-43.375,187.5,274.70000000000005,298.302803670441,23.60280367044095
-67.875,175.75,435.1,435.1134360215341,0.013436021534062093
15.625,71.625,198.9,201.05340800371974,2.1534080037197327
-0.375,318.625,264.20000000000005,266.8283803743687,2.6283803743686462
-11.25,58.25,189.0,206.1259051993241,17.12590519932411
50.875,189.75,187.8,188.88076643218722,1.080766432187204
50.625,306.0,88.80000000000001,97.11702701832277,8.317027018322761
-22.25,192.875,446.3,448.6719558602789,2.371955860278888
17.875,188.0,289.6,289.41860141374144,0.18139858625858096
56.5,343.875,191.2,191.11458285569276,0.08541714430722891
17.25,332.75,201.20000000000002,201.9301988008043,0.7301988008042883
73.375,206.625,244.15,241.7260581447198,2.423941855280219
-8.125,50.875,122.7,240.72707884868794,118.02707884868794
27.875,181.375,64.45,65.06304194870292,0.6130419487029144
1.375,106.75,24.6,95.04263766784257,70.44263766784258
10.0,123.25,2.8000000000000003,1.5990942224790132,1.200905777520987
50.25,351.25,140.8,141.5401736637651,0.7401736637650913
-40.625,138.75,328.4,328.835897419007,0.43589741900700574
23.5,266.375,273.0,408.7576471863637,135.75764718636373
33.125,334.75,423.20000000000005,424.06233823525656,0.8623382352565159
-20.0,334.375,339.80000000000007,343.98053376746776,4.1805337674676935
15.25,332.5,297.6,297.39454825978106,0.20545174021896173
-13.25,220.5,187.4,208.89306633863492,21.493066338634918
-14.625,352.875,207.45000000000002,206.50806229002853,0.9419377099714836
19.25,68.0,300.8,301.2319549460608,0.43195494606078455
57.75,144.25,156.8,179.84905974144294,23.04905974144293
-33.125,152.75,65.60000000000001,66.07211377650181,0.4721137765018
43.0,134.125,0.29999999999999993,1.0669502456431674,0.7669502456431675
76.75,112.125,8.2,11.517343040661729,3.3173430406617292
29.75,292.375,382.20000000000005,382.5738331105313,0.37383311053127954
47.25,139.375,29.800000000000004,30.49230749855696,0.6923074985569571
1.75,6.75,66.2,66.20844618955151,0.008446189551506222
-45.875,150.75,364.0,366.0196937332201,2.0196937332200946
17.25,123.5,104.80000000000001,104.31233069188359,0.4876693081164234
-15.875,117.5,238.3,485.2675941876985,246.96759418769847
56.375,175.375,403.20000000000005,402.6066921485477,0.5933078514523231
73.25,299.0,130.8,149.15265864588434,18.352658645884333
-28.625,169.125,120.05000000000001,118.63210300203093,1.4178969979690805
74.75,7.25,319.6,321.4364042545281,1.8364042545280768
28.5,141.375,111.20000000000002,110.2025499788124,0.9974500211876176
-65.0,64.5,280.6,280.9384455037241,0.3384455037240741
29.75,142.125,170.60000000000002,191.37422741032964,20.774227410329615
-24.25,210.375,95.0,95.21103962952648,0.21103962952648203
28.25,275.25,151.20000000000002,152.60789198291712,1.407891982917107
-4.375,176.625,152.5,154.8670570433405,2.367057043340509
41.375,37.375,26.400000000000002,26.845915544246836,0.44591554424683366
-8.875,124.5,30.300000000000004,29.902809514689054,0.3971904853109507
80.0,256.0,64.8,71.0091280621813,6.209128062181307
83.25,273.0,86.4,87.48441310336834,1.084413103368334
77.25,258.75,48.2,49.49585501628755,1.2958550162875468
-43.125,144.25,98.0,99.62630779265561,1.6263077926556093
71.25,231.625,67.7,65.69651263115546,2.003487368844546
-73.125,196.5,462.20000000000005,463.86278661639074,1.6627866163906901
-19.125,216.625,143.3,143.68249743441268,0.38249743441267015
1.125,138.625,298.5,300.15925035876734,1.6592503587673377
17.25,84.875,141.9,141.55060557415112,0.34939442584888525
77.875,262.625,2.9000000000000004,5.870177479197755,2.970177479197755
80.25,26.625,8.3,9.098328836824708,0.798328836824707
2.0,162.875,363.1,363.86980154755355,0.7698015475535271
-28.5,234.125,438.20000000000005,439.3412192373056,1.1412192373055632
24.25,141.25,20.8,20.807917465290394,0.007917465290393721
-70.875,239.25,315.3,316.3480135241781,1.0480135241780886
74.0,76.375,53.7,47.99061668363101,5.709383316368992
62.5,270.625,82.2,84.37736843840345,2.177368438403448
-32.375,131.25,78.4,87.76150071514459,9.361500715144587
-11.5,94.375,244.7,275.24294842952827,30.54294842952828
-9.125,276.375,400.6,423.4208652776544,22.820865277654377
-15.0,53.25,167.0,167.7854277264975,0.7854277264974883
-11.75,208.875,80.10000000000001,78.63324382394995,1.4667561760500547
-66.375,71.125,166.0,166.16725938094527,0.16725938094526782
-3.0,123.5,71.2,71.54338236321293,0.3433823632129247
-54.0,286.5,5.2,7.658478548407554,2.4584785484075535
-1.125,108.75,21.9,43.266769261363045,21.366769261363046
73.75,218.625,404.9,408.77022237123106,3.8702223712310797
57.5,139.875,3.5000000000000004,3.7174129697504585,0.2174129697504581
23.875,154.625,79.15,79.35252040395441,0.2025204039544093
9.875,146.25,118.7,400.8358106645003,282.1358106645003
-58.625,332.0,86.0,89.11017519060117,3.1101751906011685
76.875,257.5,31.5,36.93052913904874,5.430529139048737
-72.5,323.375,391.3,486.26303276821864,94.96303276821862
12.75,284.25,206.4,207.30466190892795,0.9046619089279488
-53.0,64.625,414.9,466.22340038030967,51.32340038030969
2.625,269.75,221.3,221.48584847538115,0.18584847538113536
-4.625,218.25,386.80000000000007,388.4164293234077,1.616429323407658
62.0,272.375,164.40000000000003,165.84516303831614,1.4451630383161103
64.75,278.25,17.0,17.667110879201594,0.6671108792015943
81.125,256.25,130.10000000000002,129.91393942466453,0.18606057533548892
-45.25,189.625,444.70000000000005,466.069740393035,21.36974039303493
-22.875,286.25,324.80000000000007,324.8626559972159,0.06265599721581339
46.75,140.875,57.5,74.11343441175508,16.61343441175508
-20.5,182.25,88.60000000000001,88.66899678795923,0.0689967879592217
-69.125,309.0,386.20000000000005,387.03050366433195,0.8305036643318999
15.125,89.75,379.6,384.8018918884801,5.201891888480077
-10.125,102.0,388.70000000000005,394.10813097037186,5.408130970371815
-63.5,293.25,171.60000000000002,173.61483209085657,2.014832090856544
-63.375,317.0,302.8,302.84662297046026,0.046622970460248325
-16.5,10.625,112.0,111.51414812226054,0.4858518777394636
-76.0,190.0,272.0,325.8536734454188,53.85367344541879
2.625,168.125,225.55,225.44339246236234,0.10660753763767161
25.875,266.0,314.5,313.95664762538627,0.5433523746137325
62.625,352.125,48.900000000000006,49.103529644245214,0.20352964424520792
12.625,191.5,469.1,469.127956276568,0.027956276567977056
72.375,44.75,232.7,232.79916812055023,0.09916812055024593
29.375,145.375,366.05000000000007,367.3283271637761,1.278327163776055
-69.125,14.625,37.7,82.95122299621568,45.251222996215674
83.875,258.0,263.6,264.1964459836775,0.5964459836774836
77.0,117.125,115.10000000000001,116.32414051050364,1.2241405105036307
7.5,76.0,145.6,146.10355147128828,0.50355147128829
16.0,283.875,155.7,208.45798356217603,52.75798356217604
-4.0,199.25,409.6,409.55452686841295,0.04547313158707311
-63.375,140.0,348.70000000000005,349.73221306252293,1.0322130625228851
83.75,83.75,298.0,296.1332731179387,1.8667268820613003
8.5,171.375,19.1,72.41672048052874,53.31672048052874
11.125,118.0,131.60000000000002,134.97115034100784,3.3711503410078194
16.375,71.75,167.7,166.54197363538614,1.1580263646138462
-42.25,346.25,379.20000000000005,375.8019525651612,3.3980474348388725
-52.375,335.375,472.75,473.276888785876,0.5268887858759967
18.25,135.75,244.20000000000002,888.4276638516574,644.2276638516573
57.75,184.0,328.20000000000005,339.7332241811007,11.53322418110065
-62.625,106.25,322.4,322.6504262333586,0.2504262333586098
8.25,170.375,71.0,87.37143245788714,16.37143245788714
13.0,300.5,5.4,6.445392169460098,1.045392169460098
30.0,276.0,7.6000000000000005,7.697760340654277,0.09776034065427641
75.125,356.875,404.6,403.99671664034787,0.6032833596521527
13.5,193.375,474.70000000000005,475.26410335204434,0.5641033520442988
-20.25,64.75,143.6,145.15664518099857,1.5566451809985722
39.625,136.625,198.45,216.09944620020408,17.649446200204096
-22.75,171.75,48.800000000000004,315.4520711434396,266.65207114343957
33.75,343.625,70.1,71.2801324542539,1.1801324542539078
64.0,178.625,0.8,0.8954978803670475,0.09549788036704743
-27.0,249.5,105.2,105.65649398361063,0.45649398361062765
57.0,212.5,275.6,276.1984379507549,0.5984379507548852
57.0,200.5,33.2,32.85335267888344,0.3466473211165635
58.125,309.5,311.80000000000007,317.64782950401974,5.847829504019671
-54.125,180.25,498.70000000000005,499.49749522306575,0.7974952230657095
76.625,234.25,78.4,87.22228082345892,8.822280823458911
34.75,124.25,84.80000000000001,105.00298785293693,20.202987852936914
59.875,307.75,229.3,236.79605569350693,7.496055693506918
14.5,267.0,60.2,63.00080708556213,2.800807085562127
-0.875,275.125,424.0,440.6475085845309,16.647508584530897
-71.125,327.375,402.30000000000007,481.1874108463358,78.88741084633574
-30.875,313.5,336.9,336.69179620691756,0.20820379308241854
-71.375,179.0,286.1,286.27858470460234,0.17858470460231501
-64.5,94.0,111.2,150.81647536916452,39.61647536916452
-67.125,303.0,136.8,195.74365423822255,58.943654238222535
54.25,341.0,497.6,497.5680957623532,0.03190423764681327
-70.5,183.25,464.0,464.25971664067583,0.25971664067583333
-54.5,169.0,208.8,211.6292252827314,2.829225282731386
-18.0,114.5,282.8,312.3849787998626,29.584978799862597
79.5,78.25,12.600000000000001,12.925264899688488,0.32526489968848615
59.375,337.625,446.0,461.49139749738276,15.491397497382764
36.875,232.875,368.7,374.8858338479083,6.185833847908327
16.0,187.5,324.6,324.9045504152295,0.3045504152294711
-13.625,118.625,342.70000000000005,413.5126286654616,70.81262866546155
72.375,49.5,77.4,78.21244993718733,0.8124499371873242
6.625,304.5,70.0,72.66649122702789,2.6664912270278904
-65.125,149.5,224.4,307.7360350077958,83.3360350077958
39.125,118.125,3.3000000000000003,4.122970357871203,0.8229703578712031
77.25,34.25,209.60000000000002,210.72590537012934,1.125905370129317
2.0,168.375,288.20000000000005,288.26019200455227,0.060192004552220624
-44.25,347.75,472.0,468.99102504651177,3.0089749534882344
13.25,336.125,181.5,182.34098256770113,0.8409825677011327
-5.75,275.5,369.0,369.90809767680105,0.9080976768010487
60.0,187.5,26.0,36.52746849453402,10.52746849453402
-77.875,186.25,58.60000000000001,246.99299063282476,188.39299063282476
-16.875,7.375,459.2,458.6900627500316,0.5099372499684023
-35.875,173.125,38.900000000000006,42.31016130983733,3.410161309837328
74.125,38.375,456.8,455.16060372073036,1.639396279269647
13.875,69.125,416.85,457.7874548916693,40.93745489166929
75.75,34.125,251.8,249.3087705257911,2.4912294742089216
72.5,36.625,302.6,302.5199062015894,0.08009379841064401
5.375,156.625,78.35,74.14410022687105,4.205899773128948
-54.0,153.625,345.20000000000005,345.8448793619673,0.6448793619672415
-3.625,166.375,347.8,347.41332743984424,0.3866725601557732
52.5,196.5,199.8,200.61594562637345,0.8159456263734342
-54.125,325.875,123.0,102.3284933627097,20.671506637290307
-66.5,160.375,86.30000000000001,85.84729111477915,0.45270888522085784
6.625,170.625,73.55000000000001,74.3605007948316,0.810500794831583
67.25,298.125,17.6,23.101063718183244,5.501063718183243
-46.25,165.875,52.400000000000006,54.0074792832852,1.607479283285194
-1.25,169.875,53.1,55.08595028354313,1.9859502835431257
-41.0,185.625,338.70000000000005,337.572805606395,1.1271943936050661
-73.625,232.625,3.0,4.340311754928623,1.3403117549286234
-66.375,354.625,406.6,445.1101276729641,38.510127672964074
54.25,1.125,79.6,79.61125190027896,0.011251900278963944
-23.125,209.25,90.0,93.00526972266381,3.0052697226638116
-26.5,108.25,476.40000000000003,476.2845883704073,0.11541162959275653
27.75,51.875,9.5,9.191401782585418,0.30859821741458227
-57.875,288.25,236.7,297.77778804726586,61.07778804726587
-16.125,177.125,76.35,76.9784986176498,0.6284986176498109
-1.75,56.125,233.4,232.7706129411655,0.6293870588345101
11.125,167.75,34.9,92.43359149325913,57.53359149325913
-21.25,174.125,248.60000000000002,67.25659879706056,181.34340120293945
16.0,302.75,390.0,389.12484490917865,0.8751550908213517
77.375,114.0,90.7,89.5336808606544,1.1663191393456032
-67.375,45.5,30.8,32.10624267189577,1.3062426718957703
49.875,313.375,469.70000000000005,482.5469999845378,12.846999984537774
29.75,238.25,333.6,334.87209103741026,1.2720910374102345
-7.125,120.875,10.65,10.921757727231768,0.2717577272317673
22.0,193.0,201.0,292.9443608344994,91.94436083449938
30.5,279.25,62.800000000000004,62.633291311263804,0.16670868873620037
-76.375,177.0,139.10000000000002,228.1190930317803,89.01909303178027
1.0,134.625,138.60000000000002,40.80482153980868,97.79517846019135
18.625,71.875,99.2,100.87334139215098,1.6733413921509737
36.375,34.625,35.95,37.099320052441314,1.1493200524413112
22.375,69.25,4.7,5.256804265125503,0.5568042651255025
1.25,179.25,422.6,426.51717517454637,3.917175174546344
72.0,46.125,183.2,182.4427655335596,0.7572344664403943
-60.125,340.125,392.15,392.0398096144406,0.11019038555934912
-13.0,212.0,212.0,214.56410418892764,2.5641041889276437
51.25,349.0,64.0,69.24331567291962,5.243315672919621
-75.125,208.625,108.45,134.4043331138946,25.954333113894606
-11.125,56.25,85.10000000000001,87.17673461162529,2.076734611625284
-6.375,206.25,245.9,247.76690839137783,1.8669083913778195
-74.875,170.0,135.0,136.24355804567543,1.243558045675428
-67.125,342.875,493.8,502.9495516786616,9.149551678661567
-0.625,270.25,30.4,31.749352801619803,1.3493528016198049
71.25,23.875,17.8,24.804536089748662,7.004536089748662
-29.375,155.125,158.90000000000003,157.9804835181977,0.9195164818023329
10.25,118.25,49.0,52.6946245060582,3.6946245060581973
53.5,203.25,222.8,224.1356216347711,1.335621634771087
29.75,345.75,79.80000000000001,88.1747372336346,8.37473723363459
-11.625,9.375,396.6,395.11879169892717,1.4812083010728543
-55.5,316.0,404.6,254.46147534261573,150.1385246573843
4.75,197.5,131.8,132.68282125473837,0.88282125473836
43.125,31.5,168.8,168.30731928458525,0.4926807154147639
80.25,22.25,4.0,3.97619300741401,0.02380699258598984
-27.0,237.875,370.8,370.7564768775803,0.04352312241968548
59.0,350.625,127.5,136.96974612367393,9.469746123673929
6.0,249.75,489.40000000000003,489.43214109158106,0.03214109158102474
71.25,23.375,27.700000000000003,32.37707621777233,4.677076217772324
-30.625,180.5,88.5,212.7167478319847,124.21674783198469
0.75,320.75,408.0,408.3964875626123,0.39648756261232165
-9.5,156.375,133.2,136.3012034891329,3.1012034891328994
-21.25,37.875,186.20000000000002,190.3100971491515,4.110097149151471
12.875,136.875,386.85,392.1266135921521,5.276613592152103
66.375,284.75,42.400000000000006,42.58321106138592,0.18321106138591148
13.875,189.75,325.1,325.3103048427931,0.21030484279305028
-13.0,356.125,376.4,375.9577405406008,0.44225945939916755
9.875,125.25,4.2,5.5640979670054245,1.3640979670054243
-17.0,210.5,4.0,7.520699384667431,3.520699384667431
-50.25,298.625,83.2,88.3445929735898,5.144592973589795
-75.75,180.5,234.20000000000002,344.7711802868597,110.57118028685969
83.375,84.5,256.0,253.91144454691147,2.0885554530885315
-8.5,169.25,270.6,272.6284262722455,2.028426272245497
-6.0,43.0,354.0,357.6910111168498,3.6910111168497792
76.5,241.5,0.8,1.000064422690598,0.20006442269059788
79.125,60.0,77.10000000000001,87.89717248497426,10.797172484974254
-8.875,122.125,13.2,13.739877744863017,0.5398777448630181
66.5,341.75,11.0,11.462024813278843,0.4620248132788429
-55.375,356.875,425.75,426.15661048888853,0.406610488888532
70.125,181.5,88.6,92.49857652625504,3.8985765262550416
-36.5,310.5,449.8,451.9104054837765,2.1104054837765034
82.0,24.25,145.6,149.44974022281247,3.8497402228124713
38.375,12.375,36.4,37.15257776815584,0.7525777681558381
71.125,29.75,35.5,35.56940603162254,0.06940603162254178
59.125,170.25,89.0,88.44374781954576,0.5562521804542371
-69.875,170.875,156.4,156.46071886519255,0.060718865192541216
-35.375,118.0,22.5,28.961804644854105,6.461804644854105
-39.875,283.875,205.5,205.88982070845447,0.38982070845446515
-7.125,148.125,46.300000000000004,56.776489162325944,10.47648916232594
71.5,24.875,42.5,43.74696198653322,1.246961986533222
10.5,88.375,423.70000000000005,436.52366666912854,12.8236666691285
21.375,117.75,130.0,216.72285456972958,86.72285456972958
18.0,85.375,122.30000000000001,122.67849483906933,0.3784948390693188
-18.625,49.375,13.100000000000001,12.180322542539042,0.9196774574609599
-26.125,183.5,370.6,371.73915941833326,1.1391594183332359
-42.0,179.75,310.40000000000003,311.83704214339156,1.4370421433915226
-5.625,277.25,176.60000000000002,177.89714046659748,1.2971404665974546
67.875,7.625,185.55,216.54380064063366,30.99380064063365
26.875,265.125,219.15000000000003,218.54538539674562,0.6046146032544186
60.0,317.0,5.4,8.614350308309557,3.214350308309557
-46.125,150.25,365.70000000000005,367.7756204733212,2.0756204733211803
-43.875,33.625,450.90000000000003,450.38744653979813,0.5125534602019002
-6.5,217.0,301.40000000000003,300.5365613064716,0.863438693528451
-13.25,179.75,248.0,249.03995843529339,1.0399584352933857
17.5,117.75,252.4,252.41689077423865,0.0168907742386466
-13.25,351.25,439.8,438.8752816279317,0.9247183720682983
-17.0,332.25,402.6,408.10500265590963,5.505002655909607
40.625,232.625,251.10000000000002,251.43592515731197,0.33592515731194794
-72.875,237.0,88.9,89.02396334283887,0.1239633428388629
-19.25,9.5,276.2,276.3353223141382,0.13532231413819318
67.25,43.25,22.0,22.203840643671068,0.20384064367106802
-65.5,41.125,296.1,298.0318722366765,1.9318722366764973
67.625,188.0,71.80000000000001,71.8871415873022,0.08714158730218458
19.5,167.0,42.400000000000006,43.217657553245445,0.8176575532454393
45.25,142.5,14.8,22.502718475836318,7.702718475836317
-4.375,107.25,108.80000000000001,133.02035759169553,24.220357591695517
82.625,239.0,434.1,432.9417669750968,1.1582330249032111
-13.375,146.625,189.50000000000003,221.66872269522588,32.16872269522585
-16.875,350.75,381.70000000000005,381.79848778550974,0.09848778550968973
48.25,152.75,34.4,33.896477753304886,0.5035222466951126
-21.875,231.5,272.4,272.9047764283745,0.5047764283744982
-64.625,83.625,215.4,221.56959504069863,6.169595040698624
69.625,304.25,31.1,30.489031335028137,0.610968664971864
-0.5,142.0,157.8,162.18276361042055,4.38276361042054
20.375,106.75,15.8,16.941008042342993,1.1410080423429925
72.75,286.375,58.3,59.30454061720024,1.0045406172002416
-54.5,5.0,98.0,98.4378148465579,0.4378148465578988
-76.125,193.5,237.10000000000002,237.26569104551498,0.1656910455149614
-16.25,175.25,199.60000000000002,225.37846032258346,25.77846032258344
25.0,58.25,62.0,61.02746370480924,0.972536295190757
-13.375,197.75,84.7,357.9562451662606,273.2562451662606
32.875,137.125,133.9,134.60474601604994,0.7047460160499384
74.625,63.25,81.60000000000001,81.86663482046757,0.2666348204675586
-69.5,236.5,430.6,432.00086569020897,1.4008656902089456
43.25,309.0,411.8,411.8266669662719,0.02666696627187548
72.375,304.625,0.3,2.9475917873429087,2.647591787342909
-65.75,280.375,479.80000000000007,480.13627728116677,0.3362772811667014
17.0,292.0,117.60000000000001,117.69762310321933,0.09762310321931977
-42.375,280.875,372.1,373.8928038317354,1.792803831735398
-74.375,326.25,221.2,259.1854658744684,37.98546587446839
43.25,331.75,458.0,457.65074118239903,0.349258817600969
62.5,356.875,162.3,163.768133083425,1.4681330834249877
-49.625,66.125,149.15,184.58952690452273,35.43952690452272
26.625,126.125,64.95,63.709084103344736,1.2409158966552667
-11.25,218.625,243.5,244.3582984106906,0.858298410690594
-69.125,268.25,48.900000000000006,57.00329511657651,8.103295116576504
-7.625,125.25,60.900000000000006,62.012596616705615,1.1125966167056092
6.125,129.25,277.5,278.2219272281309,0.7219272281308804
65.875,180.625,16.9,18.84716140229263,1.9471614022926325
-11.25,105.0,100.4,103.60846372962817,3.208463729628164
-16.375,218.0,48.0,63.855947749529335,15.855947749529335
9.375,126.375,20.0,18.683346911201465,1.3166530887985353
16.0,164.75,415.40000000000003,415.1870021998727,0.21299780012731162
17.25,172.0,430.6,433.6790039582602,3.0790039582601594
8.875,71.75,141.2,155.0340574030958,13.834057403095812
82.375,356.25,155.7,151.8261371673151,3.8738628326848925
-57.75,322.75,322.20000000000005,326.0672947979143,3.867294797914269
1.875,198.625,291.6,291.5821003397283,0.017899660271723405
-65.875,72.125,235.45,235.75114945667684,0.30114945667685333
43.75,295.125,4.9,6.570153232266074,1.670153232266074
-46.25,47.875,177.70000000000002,178.27505355665843,0.5750535566584176
7.0,168.0,75.4,77.31228215695006,1.9122821569500559
29.5,136.25,398.0,405.12127138194165,7.1212713819416535
5.5,91.0,339.8,337.70750687979825,2.092493120201766
-41.625,168.375,226.60000000000002,227.77341461960856,1.1734146196085362
58.25,272.125,165.8,165.76737076818424,0.032629231815775483
74.75,212.5,460.8,459.9749606744193,0.8250393255806898
26.125,131.125,24.85,25.369979379489212,0.5199793794892109
-4.625,326.75,105.0,120.46879741741938,15.468797417419381
-44.625,301.75,479.30000000000007,479.31019991495094,0.010199914950874245
46.375,235.375,42.7,42.977115096266104,0.2771150962661011
7.625,130.25,333.30000000000007,336.90367169794416,3.603671697944094
60.125,195.375,8.25,8.086863889554452,0.16313611044554754
-38.125,118.75,335.1,341.96047568362513,6.860475683625111
19.5,268.5,64.2,63.6574272539241,0.5425727460759049
41.125,147.75,285.90000000000003,289.4156220892393,3.5156220892392867
14.125,191.5,309.4,309.5960972831766,0.1960972831766412
78.75,132.25,323.8,322.4872559805356,1.3127440194643896
-66.0,264.625,366.5,365.23148563965,1.268514360350025
-61.75,294.875,186.5,186.5546544277311,0.0546544277310943
-12.125,96.75,7.9,7.779762235026646,0.12023776497335437
67.875,245.25,2.4000000000000004,6.659730279944478,4.259730279944478
-54.5,306.25,398.40000000000003,409.47973893734513,11.079738937345098
-54.5,278.375,490.90000000000003,492.8458267232161,1.9458267232160438
76.5,252.875,31.4,32.14093423666287,0.7409342366628735
70.5,73.625,23.6,21.246975981243718,2.353024018756283
16.25,108.375,13.100000000000001,11.509649438886917,1.590350561113084
-52.25,161.125,271.4,285.4412738930105,14.041273893010498
-54.875,169.75,253.60000000000002,255.54929595373548,1.949295953735458
77.75,144.0,165.0,163.8845321621279,1.115467837872103
30.25,179.875,271.5,271.7858637042608,0.2858637042608052
42.5,136.375,150.2,150.51155199628818,0.31155199628818764
60.75,191.75,73.60000000000001,73.59717326554075,0.0028267344592620702
-4.25,9.25,179.20000000000002,178.5414028815653,0.6585971184347272
-24.5,14.25,32.0,35.23540978964893,3.2354097896489264
-76.75,309.375,26.9,118.59118414266963,91.69118414266964
62.0,336.875,186.5,202.43103455431782,15.931034554317819
69.0,190.25,138.4,138.36945037064947,0.030549629350531404
8.875,110.625,144.2,256.97703562830986,112.77703562830987
59.375,151.0,9.100000000000001,9.102410583767506,0.0024105837675048036
10.25,277.75,79.60000000000001,80.31779325668087,0.7177932566808636
-9.625,174.375,401.05000000000007,407.4643977176095,6.414397717609404
17.125,278.375,161.45000000000002,239.15067305152735,77.70067305152733
58.625,200.625,6.300000000000001,6.8617238064109785,0.5617238064109777
53.0,184.625,87.30000000000001,98.41799115788109,11.117991157881079
13.125,188.125,471.40000000000003,471.6022017844218,0.2022017844217885
9.125,253.75,348.70000000000005,349.3093055478407,0.6093055478406768
28.5,130.5,47.6,48.03449980414209,0.4344998041420851
-59.875,330.375,132.10000000000002,133.89721819720071,1.7972181972006922
-31.5,16.125,154.3,155.22884891285526,0.9288489128552442
59.25,207.625,22.200000000000003,22.570423437727523,0.3704234377275206
8.25,269.375,493.20000000000005,491.90840370215295,1.291596297847093
8.375,107.75,115.4,125.5984142859288,10.198414285928791
-2.5,108.625,6.4,48.9726930358432,42.5726930358432
-39.875,350.375,51.55,55.17677889207858,3.6267788920785833
13.0,337.875,258.0,259.4988671104996,1.4988671104995888
-15.75,115.75,391.40000000000003,542.9978979135014,151.5978979135014
-1.25,159.125,356.6,536.386802541706,179.78680254170592
73.625,357.875,336.70000000000005,335.38229869372987,1.3177013062701803
68.5,246.0,3.4000000000000004,3.3163078826746224,0.08369211732537796
4.25,118.75,7.4,22.139654894471587,14.739654894471586
-33.0,130.875,151.1,154.9796645529755,3.8796645529754983
24.0,242.75,185.0,184.8481824748088,0.1518175251912055
11.375,94.875,146.55,147.56706247919797,1.0170624791979606
-48.5,62.875,415.20000000000005,422.1679760077871,6.967976007787058
-40.5,184.875,368.0,369.4815026345939,1.4815026345938804
-33.875,76.5,447.5,448.26827358224546,0.768273582245456
21.5,266.75,113.4,301.5783325884194,188.1783325884194
-39.5,300.75,83.60000000000001,85.0630438124185,1.4630438124184906
-68.875,37.5,47.900000000000006,89.57162518108876,41.67162518108876
-50.125,50.5,406.6,418.89096900862853,12.290969008628508
52.875,183.5,87.30000000000001,88.7342666726635,1.4342666726634832
61.875,3.375,67.55,74.99488170394402,7.44488170394402
12.5,127.875,254.5,256.2563322865906,1.7563322865905775
23.625,167.25,483.3,484.47975157121044,1.1797515712104314
-5.625,342.25,447.80000000000007,448.3092776007032,0.5092776007031148
-40.625,350.75,60.800000000000004,60.67178179045889,0.1282182095411173
77.5,135.5,166.4,164.98806224892536,1.411937751074646
14.375,56.75,313.0,313.47184192143527,0.4718419214352707
56.0,164.0,44.800000000000004,44.158859985421984,0.6411400145780206
27.75,287.125,425.4,431.31831509307386,5.918315093073886
79.125,67.25,171.3,176.23870974872986,4.938709748729849
73.0,31.375,238.0,239.02391864277703,1.0239186427770335
-62.75,337.0,425.8,427.2766222640717,1.4766222640716933
-28.625,156.125,242.60000000000002,243.44838505833704,0.8483850583370156
-14.625,185.75,146.5,156.02659120181164,9.526591201811641
-11.25,93.625,330.1,361.45367291533876,31.353672915338734
77.375,156.75,27.8,28.018195818599203,0.21819581859920234
-37.0,123.375,292.5,333.1314186186487,40.631418618648695
-54.25,67.75,345.20000000000005,387.689538277375,42.48953827737495
6.75,248.75,451.8,451.76885083646573,0.031149163534280433
57.5,308.375,402.3,409.5889785259179,7.288978525917912
72.375,64.875,132.2,131.38848630397368,0.8115136960263101
-71.875,255.125,65.25,90.28240747109685,25.032407471096846
38.875,349.125,119.55000000000001,119.5232214282897,0.026778571710309507
-20.125,172.875,266.20000000000005,247.68904383641583,18.51095616358421
81.375,57.25,1.6,2.311682209932716,0.7116822099327158
17.5,277.375,135.9,136.91120543220867,1.0112054322086692
17.25,148.0,228.0,226.42622195407756,1.5737780459224382
-71.375,328.0,366.90000000000003,445.63044494347713,78.7304449434771
38.125,26.25,13.4,14.034986179379729,0.6349861793797285
58.125,278.875,36.45,98.99669676537295,62.54669676537294
73.25,153.625,180.8,180.00695437346585,0.7930456265341661
5.375,83.125,200.3,200.25575054786367,0.04424945213634146
20.875,112.5,68.7,80.2007127074192,11.500712707419197
-32.75,168.75,343.40000000000003,348.63443772370954,5.2344377237095046
-28.875,235.125,466.65,467.39187636312823,0.7418763631282559
-72.875,238.0,89.0,90.18110167217463,1.1811016721746341
-44.125,41.5,390.40000000000003,390.3127784743806,0.08722152561944085
-18.875,329.25,232.0,237.44249287340284,5.442492873402841
36.625,131.75,69.9,120.08292471153715,50.18292471153714
16.75,87.5,375.0,374.6757403069361,0.3242596930638797
17.75,86.25,212.8,212.4832589166978,0.31674108330221884
-14.5,185.5,168.20000000000002,168.87785844182307,0.677858441823048
-66.75,80.375,84.0,123.82930260258968,39.82930260258968
41.125,145.375,198.0,198.61261715946392,0.6126171594639231
-51.25,298.75,21.6,22.29971428098137,0.6997142809813681
-67.625,9.375,252.05,269.37999181516614,17.329991815166125
1.75,120.625,48.5,52.568321802098524,4.068321802098524
76.625,3.0,279.1,279.3390882236388,0.2390882236387597
-76.25,172.0,135.4,149.94054698469824,14.540546984698238
78.375,129.375,322.15000000000003,319.20716233968824,2.9428376603117954
3.125,162.125,254.85000000000002,255.90553399651682,1.0555339965168002
-2.875,159.375,174.65,516.4983025298064,341.84830252980646
66.125,305.875,18.200000000000003,20.833076769234566,2.633076769234563
82.75,0.0,222.4,219.14130712249403,3.258692877505979
82.0,257.0,158.60000000000002,157.59879353776338,1.0012064622366381
20.875,110.375,2.4,2.9726688210151844,0.5726688210151845
78.625,115.75,185.8,187.98845331766142,2.1884533176614127
67.5,10.125,73.9,117.69348146174595,43.79348146174594
55.375,187.875,199.70000000000002,200.6663215933497,0.9663215933496758
63.375,6.0,59.900000000000006,67.40651458754466,7.5065145875446575
-25.625,316.0,223.5,222.75177845387498,0.7482215461250235
53.5,201.625,158.5,158.88998310480343,0.38998310480343434
-8.25,195.875,345.6,345.8927338700466,0.29273387004656115
78.25,119.0,239.0,238.47255155182327,0.5274484481767274
14.0,115.75,319.8,330.09242156009185,10.292421560091839
-71.5,314.5,497.6,510.6696036960863,13.06960369608629
-23.25,199.625,229.0,229.86277979639289,0.8627797963928856
-61.0,99.0,460.20000000000005,494.70280393994716,34.502803939947114
-16.125,123.625,0.7,4.702733834467707,4.002733834467707
13.5,264.75,262.8,264.9726623685468,2.17266236854681
-13.75,99.0,283.6,284.6182265152038,1.0182265152037644
74.75,121.5,98.60000000000001,124.86479249895253,26.264792498952517
19.0,193.0,362.6,364.5012855582171,1.9012855582170687
-54.875,300.625,215.95000000000002,275.2952763541112,59.34527635411118
50.875,161.5,254.4,253.73314688077042,0.6668531192295859
82.0,105.5,176.0,175.2161518011213,0.7838481988787009
-73.875,322.0,357.80000000000007,376.3150080047187,18.515008004718652
8.125,156.125,104.65,199.428859640559,94.778859640559
8.625,346.375,38.650000000000006,39.69349679014742,1.0434967901474153
73.625,35.875,379.1,378.5955923290534,0.5044076709466481
-11.0,162.5,12.200000000000001,21.47875864949701,9.278758649497009
84.0,271.75,157.0,155.87642014333687,1.1235798566631274
2.25,200.0,188.0,186.18780956488604,1.812190435113962
-62.5,131.625,405.70000000000005,405.9465652630299,0.24656526302987913
2.625,164.75,351.6,351.4738158941037,0.12618410589630003
-15.375,53.25,146.5,146.99753324027543,0.49753324027543044
67.75,327.25,0.2,1.2043095380955253,1.0043095380955254
-64.75,37.625,437.90000000000003,437.8819840702656,0.01801592973441757
18.0,277.0,116.0,116.73643761596458,0.7364376159645758
49.875,301.625,34.95,35.915706782082935,0.9657067820829326
-19.375,166.75,113.60000000000001,113.1754419763069,0.424558023693109
-9.875,281.125,62.150000000000006,62.42665338445761,0.2766533844576031
-25.125,222.375,222.40000000000003,345.4871800827997,123.08718008279965
-69.25,305.0,228.8,231.09560544219437,2.2956054421943577
-10.125,171.875,274.25,409.34311532136445,135.09311532136445
45.25,348.625,288.0,288.7789308344654,0.7789308344654273
78.375,35.625,133.8,134.28925331614107,0.4892533161410597
38.875,334.0,91.80000000000001,90.69167832480474,1.1083216751952705
16.875,242.875,298.35,294.9593972934532,3.390602706546815
-17.0,158.25,239.60000000000002,540.1392968534584,300.5392968534584
-40.0,138.5,283.2,283.5985405981763,0.39854059817633924
-30.75,248.0,465.40000000000003,466.5170028716456,1.1170028716455818
-15.875,150.375,48.10000000000001,48.59835693396322,0.49835693396320835
61.25,0.125,66.39999985098841,66.91088534395044,0.5108854929620321
-19.875,168.375,97.75,98.135368050842,0.3853680508420041
-62.125,92.875,358.9,397.3881005213908,38.488100521390834
33.5,296.75,181.20000000000002,181.24379743682854,0.04379743682852677
-63.75,119.0,337.40000000000003,346.5690939672255,9.169093967225479
-12.125,200.625,255.10000000000002,254.7129218326139,0.3870781673861359
40.125,150.125,487.65000000000003,487.4463352484081,0.20366475159192987
12.125,247.0,457.70000000000005,457.7221795178721,0.022179517872075394
-9.25,150.75,0.4,16.620891040969124,16.220891040969125
58.0,170.0,214.60000000000002,214.05944622284858,0.5405537771514446
70.625,199.375,15.750000000000002,15.939457285173892,0.1894572851738907
73.125,2.5,417.20000000000005,416.5392582339706,0.6607417660294459
80.25,236.75,286.6,290.2017890533925,3.6017890533924515
44.875,306.25,193.60000000000002,194.44373637727278,0.8437363772727622
-38.125,135.5,245.60000000000002,253.38571367815055,7.785713678150529
76.875,27.0,42.300000000000004,40.34748932306532,1.9525106769346863
-13.25,165.375,125.50000000000001,125.11313181617938,0.3868681838206385
-69.75,256.75,247.4,250.88194057975247,3.481940579752461
-30.5,162.125,307.1,311.1260650184336,4.026065018433599
76.375,134.75,64.5,61.59602416026886,2.903975839731139
-6.125,101.75,89.9,91.21185977791805,1.3118597779180448
-69.625,3.875,48.150000000000006,69.95755520232474,21.807555202324735
74.0,173.5,347.20000000000005,346.00115814580795,1.1988418541920964
25.625,152.875,185.05,181.30654528830635,3.7434547116936585
57.125,306.625,343.9,373.19669070374937,29.29669070374939
-65.25,106.125,104.1,112.3081847069562,8.208184706956203
71.625,32.375,130.7,130.2693891921168,0.4306108078831983
33.375,31.875,158.20000000000002,158.71794171458794,0.5179417145879199
-17.0,42.375,34.4,37.811688545461855,3.411688545461857
-41.125,188.5,474.0,480.340961299288,6.340961299287983
-9.875,161.625,12.850000000000001,12.015598364646417,0.8344016353535846
-7.875,59.875,403.5,404.5201451756043,1.0201451756042843
-16.625,170.75,228.5,231.19075890262238,2.6907589026223775
74.375,8.25,313.3,314.43917307545837,1.139173075458359
-1.75,2.75,319.20000000000005,319.703365945649,0.5033659456489659
80.0,237.125,262.20000000000005,267.5394670383464,5.339467038346356
-8.5,185.5,217.0,219.70658348846536,2.7065834884653555
48.625,161.625,424.75,424.7993026448963,0.04930264489627234
20.25,298.375,256.20000000000005,257.1947811366687,0.9947811366686778
-19.625,60.0,231.10000000000002,239.8234404790896,8.72344047908959
-55.75,306.375,477.8,513.112382585147,35.31238258514696
-0.875,95.875,235.70000000000002,259.00304481060533,23.303044810605314
-6.5,41.5,179.20000000000002,213.23796977136658,34.03796977136656
8.0,199.375,260.8,259.9926521551327,0.8073478448673086
6.25,96.125,85.30000000000001,84.92741372617536,0.3725862738246519
62.125,5.125,0.04999999999999999,0.512300811196587,0.462300811196587
-77.25,323.125,65.9,66.17458938317057,0.27458938317056436
-42.375,175.25,84.60000000000001,83.9259869243582,0.6740130756418097
-42.0,300.875,293.3,295.0178036224537,1.7178036224536868
-55.375,294.375,47.7,44.92399713786902,2.77600286213098
-70.875,216.625,440.35,481.43950889302033,41.08950889302031
-73.875,170.5,35.0,35.75043088587045,0.7504308858704505
72.5,200.25,167.0,165.40477856418573,1.595221435814267
-16.5,331.375,441.9,446.797846476688,4.8978464766880165
67.75,352.0,321.0,322.15730205308466,1.1573020530846634
51.0,306.625,138.4,147.42963367996995,9.029633679969947
-19.875,65.875,249.0,250.06810460323194,1.0681046032319443
70.5,56.875,0.9000000000000001,4.100680356883207,3.2006803568832067
-66.75,175.5,463.40000000000003,463.33234699976697,0.06765300023306509
-23.5,204.875,191.8,332.9763891898894,141.1763891898894
43.375,14.125,31.650000000000002,31.79082613591626,0.1408261359162566
67.375,194.625,52.6,54.25608042888466,1.656080428884657
43.875,32.875,84.45000000000002,85.5000422768355,1.0500422768354838
11.75,90.375,200.7,201.32618122891714,0.6261812289171473
-18.25,157.625,141.2,386.4082478436736,245.20824784367363
-44.875,146.625,127.9,138.31207512181777,10.412075121817765
-61.75,289.25,439.40000000000003,439.4248698485915,0.024869848591492882
-36.625,285.5,92.1,94.42734004277467,2.3273400427746793
70.0,72.625,4.6000000000000005,3.984612280248311,0.6153877197516895
69.125,192.5,57.7,57.41965490255088,0.2803450974491213
74.0,195.75,386.40000000000003,385.2789448414007,1.1210551585993471
-11.25,146.375,194.70000000000002,194.68789492048998,0.012105079510035921
57.0,344.875,108.80000000000001,108.70478253349754,0.09521746650247565
-25.625,48.125,124.25,126.42791707457394,2.1779170745739407
50.875,178.125,88.35000000000001,89.64286313506692,1.2928631350669093
58.5,4.375,70.0,69.84852702881334,0.15147297118666359
-0.875,119.5,3.0,2.0189508421907987,0.9810491578092013
4.625,82.875,241.9,242.22818456408808,0.32818456408807606
-23.375,237.5,272.1,272.41899716738857,0.3189971673885452
46.375,151.125,22.4,22.619994315867288,0.21999431586728946
54.125,187.625,189.35000000000002,191.96500348772523,2.615003487725204
2.875,108.125,36.650000000000006,36.99763234556503,0.34763234556502454
77.625,164.25,178.7,193.16666509065826,14.466665090658267
-20.5,223.5,92.4,92.29114615795983,0.10885384204017612
38.0,288.875,320.6,319.8832511158073,0.7167488841927252
48.5,143.0,19.200000000000003,16.77279524763839,2.4272047523616145
-54.25,173.125,316.70000000000005,317.4324990676974,0.7324990676973471
51.25,163.0,287.0,287.0587673626122,0.05876736261217275
-13.25,48.125,5.1000000000000005,7.077548852005173,1.9775488520051727
-32.625,308.25,59.300000000000004,59.46049093643409,0.16049093643408696
76.0,0.5,374.8,374.9954011986707,0.1954011986707087
-52.875,158.25,171.0,183.38552898683184,12.385528986831844
-8.0,10.875,232.70000000000002,232.4609298275921,0.2390701724079065
-64.625,285.25,379.30000000000007,379.70064936951115,0.4006493695110862
-24.375,228.625,79.35000000000001,80.04727884719996,0.6972788471999536
54.875,152.125,221.60000000000002,222.75553150726927,1.1555315072692451
-11.5,118.625,203.40000000000003,204.64564437179948,1.2456443717994432
-60.5,327.625,298.8,300.6664169636497,1.8664169636496695
-54.625,162.25,210.4,212.40543394664707,2.0054339466470594
-69.125,290.0,0.8,3.1500481840091528,2.350048184009153
30.625,135.5,313.40000000000003,313.23323973799785,0.1667602620021853
75.25,235.5,88.4,92.87544176129066,4.475441761290654
26.875,244.875,74.25000000000001,74.72698065406061,0.476980654060597
-5.0,101.875,44.10000000000001,44.11608364851275,0.016083648512740467
70.75,270.125,20.700000000000003,20.127683716489642,0.5723162835103608
-14.125,136.75,1.1,4.900044417746541,3.8000444177465407
-72.625,184.625,470.25,470.53046622527546,0.28046622527546106
-32.25,216.25,483.8,515.4435682721306,31.643568272130608
-4.0,187.125,91.60000000000001,90.44358584587813,1.156414154121876
74.875,159.375,214.2,226.8511270648022,12.65112706480221
75.375,223.5,352.70000000000005,358.71067693070023,6.0106769307001855
64.625,23.125,36.25,49.5910399343279,13.341039934327902
-43.75,295.5,58.800000000000004,58.64086877068663,0.15913122931337398
-29.75,44.75,462.6,463.4024104593564,0.8024104593563948
-18.875,221.375,20.5,20.67751960619418,0.17751960619418128
75.625,6.375,271.8,272.16520213537996,0.3652021353799455
-7.375,72.625,14.900000000000002,15.47967007239026,0.5796700723902575
-1.0,201.75,206.8,207.64095555808487,0.8409555580848576
65.375,276.25,18.5,18.983265678216924,0.4832656782169238
31.0,19.875,21.700000000000003,22.62508868764249,0.9250886876424858
1.875,48.25,218.10000000000002,217.98440642193864,0.11559357806137882
23.625,246.125,205.40000000000003,205.44517189761612,0.0451718976160862
27.875,123.0,121.0,141.53874221437465,20.53874221437465
75.125,227.25,243.10000000000002,248.98902707042419,5.889027070424163
-74.375,227.75,3.9000000000000004,4.285323165288021,0.38532316528802024
11.75,87.75,486.0,486.7539775064166,0.7539775064166179
-66.125,305.875,225.3,225.05660737144893,0.2433926285510779
-3.875,176.0,151.2,151.68364808549856,0.4836480854985723
79.125,131.625,366.25,365.17227030328814,1.077729696711856
-43.75,279.875,409.1,409.377428513532,0.27742851353195874
10.0,174.75,410.6,424.84281605519493,14.242816055194908
78.75,122.0,322.6,324.7824578984898,2.1824578984897585
22.125,253.5,42.7,42.19859507159418,0.501404928405826
59.5,355.625,46.0,72.62580815686324,26.625808156863243
1.5,178.625,395.90000000000003,399.2863924441453,3.386392444145258
71.625,215.0,162.90000000000003,164.38348246291994,1.483482462919909
81.0,351.75,90.2,72.0414968578014,18.158503142198597
-9.375,127.75,110.70000000000002,111.59001428486249,0.8900142848624739
65.125,336.5,12.0,18.136637635992685,6.136637635992685
70.375,345.5,207.2,206.0041366078294,1.195863392170594
14.125,333.875,166.5,166.75857111910247,0.25857111910247
-16.875,284.75,147.8,147.57858376881072,0.22141623118929488
-2.875,144.0,37.0,36.450674464540846,0.549325535459154
8.75,166.125,21.800000000000004,148.38819407266703,126.58819407266702
-74.875,305.375,120.95,188.92873112636843,67.97873112636843
-6.75,196.75,432.8,435.866603129034,3.066603129033979
59.0,214.25,56.400000000000006,56.77834715021429,0.37834715021428167
81.625,22.5,96.0,100.27675621293004,4.276756212930039
20.875,192.0,360.20000000000005,452.56638686290114,92.3663868629011
-63.25,140.625,371.80000000000007,372.87763939814954,1.077639398149472
59.25,273.75,307.40000000000003,307.44982926180296,0.049829261802926794
71.375,296.875,207.65,208.28667704204372,0.6366770420437149
69.625,359.625,324.3,325.23232708797934,0.9323270879793313
-11.875,151.125,81.10000000000001,134.25416437512942,53.15416437512941
-28.0,164.875,316.3,317.3616234821916,1.0616234821915782
17.375,116.75,343.20000000000005,343.2317193235131,0.03171932351307305
-59.625,292.0,347.1,412.75188236463845,65.65188236463842
54.75,149.125,392.4,401.33631514489474,8.936315144894763
20.875,192.375,341.70000000000005,424.439161143867,82.73916114386697
-62.75,108.0,360.6,360.34377310752205,0.2562268924779687
-12.875,54.875,330.20000000000005,330.7356475015435,0.5356475015434512
54.125,148.875,382.95000000000005,381.8850734580689,1.0649265419311291
77.875,43.625,256.6,258.58162012609887,1.9816201260988464
4.0,73.0,5.6000000000000005,19.15355633577953,13.553556335779529
80.125,33.625,7.300000000000001,7.942292280173839,0.6422922801738382
-24.75,247.625,393.30000000000007,393.8481932938582,0.5481932938581053
47.375,143.125,13.8,15.788306366076917,1.988306366076916
20.0,272.875,31.1,32.00762416522875,0.9076241652287464
-27.375,282.875,293.4,296.76010517298965,3.3601051729896767
-30.375,110.25,384.70000000000005,393.34344665686734,8.643446656867297
-3.5,155.25,55.6,57.209755737984295,1.609755737984294
-6.0,132.75,5.2,5.597008325719686,0.3970083257196855
-51.125,321.75,318.20000000000005,318.59236822820213,0.3923682282020877
-68.375,260.875,344.4,347.33946575366934,2.939465753669367
74.5,302.25,6.800000000000001,5.762701412763423,1.0372985872365774
-20.25,329.125,161.8,162.83390668600538,1.0339066860053663
25.875,250.5,6.800000000000001,7.879756971491738,1.0797569714917374
40.625,24.0,8.9,11.223905919918773,2.323905919918772
71.0,236.5,15.600000000000001,16.33213806403643,0.7321380640364303
55.0,189.125,187.5,188.50929362899942,1.0092936289994157
80.0,253.875,74.9,75.38985167015196,0.48985167015194975
-71.5,209.625,456.1,466.71586609049655,10.615866090496525
7.5,164.5,208.8,287.5166042984592,78.71660429845917
70.375,352.625,74.30000000000001,75.47090835639352,1.170908356393511
26.75,276.625,98.20000000000002,98.14814508273639,0.051854917263625566
-46.375,180.125,166.20000000000002,358.55681250008166,192.35681250008165
79.875,46.375,32.099999999999994,32.694371247309256,0.5943712473092617
59.5,348.625,243.20000000000002,244.31594659120134,1.1159465912013218
34.375,10.375,3.35,5.357199127926856,2.007199127926856
-66.375,161.75,24.6,24.192926779788444,0.4070732202115579
-27.125,112.125,141.45,141.79392858380697,0.343928583806985
21.125,59.75,53.8,55.05736052250553,1.257360522505536
75.25,40.5,422.6,420.46037775162085,2.139622248379169
19.875,287.5,3.5,4.901563159931055,1.4015631599310554
18.75,296.625,16.700000000000003,17.44188318312968,0.7418831831296764
-13.125,159.75,162.70000000000002,163.07521840144165,0.37521840144162866
59.875,215.75,8.5,9.534642567366685,1.034642567366685
17.0,338.625,162.3,162.82411119341765,0.5241111934176388
18.125,117.5,298.3,305.9599865463659,7.659986546365872
-62.0,94.5,343.0,423.0424134826541,80.04241348265413
56.625,300.5,64.3,95.26355276292628,30.963552762926284
59.875,302.125,303.1,308.1161397401034,5.01613974010337
76.0,60.25,0.4,1.9542527757637687,1.5542527757637687
58.25,353.875,1.2000000000000002,1.7685026546803508,0.5685026546803507
69.0,300.125,207.10000000000002,206.67294967033715,0.42705032966287604
-66.5,24.875,369.0,401.0345460530236,32.034546053023575
32.375,346.625,281.2,281.82421392245783,0.6242139224578409
78.25,80.375,92.4,150.86118168456056,58.46118168456056
25.0,244.5,25.6,25.934546922377283,0.3345469223772817
8.5,143.625,101.5,367.7418332950271,266.2418332950271
71.625,170.25,167.7,165.1136423364211,2.5863576635788945
-6.125,199.75,396.8,399.7410719517228,2.9410719517227903
33.125,23.75,81.1,80.70703225035561,0.3929677496443844
21.625,278.5,0.30000000000000004,0.8019600342518457,0.5019600342518457
61.875,351.125,66.4,69.13807545798896,2.7380754579889555
-8.25,73.875,180.5,180.90452258393313,0.40452258393312945
74.5,356.125,394.6,392.7689770414093,1.8310229585907223
26.125,132.75,142.9,143.61751049458337,0.7175104945833652
15.5,246.0,325.8,324.14332515212794,1.6566748478720683
-27.5,219.5,297.0,373.1521782992881,76.1521782992881
-70.75,252.875,211.5,222.44263050962533,10.942630509625332
56.375,191.875,86.30000000000001,86.32033991365589,0.020339913655874398
-67.0,288.75,103.4,103.52111525909318,0.12111525909317322
76.0,146.5,46.0,44.873484378967866,1.1265156210321337
22.5,62.75,290.8,290.1630341878904,0.6369658121096222
9.375,89.625,328.4,328.21712216800205,0.18287783199792784
-4.625,170.875,439.25,442.0521393769848,2.802139376984826
-42.75,286.5,3.6,4.570519535146242,0.9705195351462419
-58.125,290.75,180.8,262.54143412146186,81.74143412146185
15.5,298.5,2.2,2.850553872746058,0.650553872746058
76.5,165.25,188.20000000000002,227.28922234064768,39.089222340647666
-16.875,117.375,179.55,388.7434641937877,209.1934641937877
-14.625,128.625,10.850000000000001,16.705326064165014,5.855326064165013
82.75,14.125,235.60000000000002,242.3211607032277,6.7211607032276675
-7.625,162.25,104.70000000000002,98.90972271931334,5.790277280686681
-22.5,193.125,484.1,486.46954470204565,2.36954470204563
32.5,236.375,340.40000000000003,341.01062463272626,0.6106246327262284
-73.0,197.875,462.20000000000005,466.3893087287111,4.189308728711069
20.375,89.125,131.4,130.4503307985629,0.9496692014371035
61.0,18.5,48.800000000000004,53.671091212027754,4.87109121202775
-65.75,274.25,395.40000000000003,390.0671238897957,5.3328761102043245
-44.125,184.375,23.700000000000003,41.97205837257271,18.272058372572708
-5.625,343.0,382.5,382.62942326582163,0.12942326582162877
11.0,248.875,220.4,220.48275349325365,0.082753493253648
-72.375,322.375,427.0,513.3135880228093,86.31358802280931
-52.5,64.75,366.6,419.20874832528807,52.60874832528805
-10.0,75.375,430.40000000000003,430.50261584999953,0.10261584999949491
73.5,177.125,238.5,237.07724349110592,1.4227565088940821
78.375,11.375,3.1500000000000004,4.8876908290922865,1.7376908290922861
15.625,251.625,438.00000000000006,438.5500301094042,0.5500301094041333
77.125,222.375,382.50000000000006,390.16293476098986,7.662934760989799
72.0,28.375,99.80000000000001,100.351319956383,0.5513199563829829
-55.25,10.375,450.1,450.8696398367426,0.7696398367425559
-27.625,313.375,171.35000000000002,173.7583877572654,2.4083877572653876
50.375,190.375,254.05,254.10127753390915,0.05127753390914336
16.5,294.125,161.4,161.8357801696975,0.43578016969749456
61.0,160.375,1.2000000000000002,1.84871767334555,0.6487176733455498
-65.25,310.625,347.5,348.2157337960336,0.7157337960335894
27.75,339.375,241.8,241.84945071669327,0.049450716693257846
78.0,2.375,201.9,201.84877721220005,0.051222787799957814
77.25,279.875,2.2,4.351509674686545,2.1515096746865447
17.625,145.0,86.4,87.71158726352324,1.3115872635232364
67.125,304.0,82.10000000000001,88.02765069956025,5.927650699560246
-57.875,307.875,377.1,377.4797875627197,0.3797875627196845
-15.25,350.625,392.6,392.79065742528064,0.19065742528061946
-18.625,199.375,88.85000000000001,90.51415847775975,1.6641584777597416
51.375,197.375,324.6,333.24022479632873,8.64022479632871
46.25,300.625,33.2,34.36454245714584,1.164542457145835
55.25,223.25,151.6,164.69385914409332,13.09385914409333
83.0,274.625,53.900000000000006,56.1299837687144,2.2299837687143977
-63.375,149.0,389.20000000000005,455.48919778212246,66.28919778212241
7.375,168.25,33.9,34.210050954591004,0.31005095459100573
81.75,241.75,353.8,354.99018404796743,1.1901840479674206
70.375,299.375,207.85000000000002,208.7705762957171,0.9205762957170691
-26.0,42.25,210.20000000000002,210.38240789375038,0.1824078937503657
-61.75,307.0,75.60000000000001,75.55782944125933,0.0421705587406791
14.125,254.875,496.0,497.5358235241691,1.535823524169075
-24.25,175.0,363.8,285.0361122074293,78.7638877925707
-61.625,132.875,493.1,495.7795898874329,2.6795898874328827
78.625,86.0,140.5,143.8238371944912,3.3238371944912046
74.375,222.75,365.0,373.06936226122474,8.06936226122474
39.25,9.625,3.6,4.131584170202037,0.5315841702020365
0.625,206.875,464.8,466.7739715547836,1.9739715547835885
61.5,320.375,133.9,135.24695843221255,1.3469584322125456
5.75,165.625,273.1,274.49078744528094,1.390787445280921
10.625,161.5,107.20000000000002,429.4395605622642,322.23956056226416
-12.25,53.875,362.6,357.9223995548085,4.677600445191501
10.75,154.25,284.6,285.241378385217,0.6413783852169672
42.875,349.625,87.60000000000001,88.37738568298987,0.7773856829898591
-41.5,351.0,146.0,144.87232223410604,1.1276777658939636
-6.875,206.875,330.90000000000003,332.7036562047801,1.8036562047800544
-1.25,95.875,254.60000000000002,278.7580402646293,24.15804026462928
10.375,149.75,159.3,159.73458396043407,0.434583960434054
-13.625,126.5,20.5,27.453453845721494,6.953453845721494
18.25,149.875,429.6,426.4756666549896,3.1243333450104274
-4.375,266.375,446.95000000000005,446.96214646566744,0.012146465667399298
60.625,184.5,129.7,130.13715144696192,0.4371514469619342
-49.125,72.875,168.45,167.9972846908438,0.45271530915618996
28.375,179.875,177.15000000000003,178.11616507410312,0.9661650741030883
-1.0,176.75,48.800000000000004,52.54719962299373,3.747199622993726
-47.25,180.5,116.4,290.8955335119444,174.4955335119444
74.5,353.0,308.0,307.71599672715115,0.2840032728488495
15.125,342.875,13.5,15.662732797935675,2.162732797935675
-74.75,308.625,185.3,279.31378070958385,94.01378070958384
10.0,107.5,49.400000000000006,48.927810756608096,0.4721892433919095
78.5,3.875,148.9,149.00612229638682,0.1061222963868147
-48.625,305.0,369.70000000000005,369.7568626997144,0.05686269971437241
78.75,127.0,386.6,383.46161230441845,3.138387695581571
5.875,51.625,276.20000000000005,276.26918771845266,0.06918771845261062
-52.0,324.75,252.60000000000002,252.3067491083973,0.29325089160272455
7.125,102.875,109.25,120.89853849472838,11.648538494728385
79.125,85.625,111.7,116.876239769291,5.176239769291001
32.0,133.75,105.4,104.97551500536603,0.42448499463397127
-5.25,54.25,76.60000000000001,102.37777115362994,25.777771153629928
82.75,118.625,385.70000000000005,384.95307414573796,0.7469258542620878
-8.875,132.875,192.70000000000002,194.17469275238432,1.4746927523842999
59.75,322.875,328.3,327.5020476145437,0.7979523854563126
-56.75,305.0,478.8,480.90513074616035,2.1051307461603415
17.5,69.625,359.0,358.60512550457275,0.3948744954272456
25.5,34.875,18.6,20.559917858411936,1.9599178584119343
16.125,287.75,162.5,175.82103806818367,13.321038068183668
36.5,330.0,250.20000000000002,250.57347883123734,0.3734788312373212
54.75,189.5,182.20000000000002,197.41315457902775,15.21315457902773
-19.375,192.25,215.8,216.14159416633478,0.34159416633477235
22.0,278.25,5.2,18.013420943119186,12.813420943119187
-72.0,182.0,380.40000000000003,380.7305295640315,0.3305295640314512
9.625,122.0,42.7,44.900810071307724,2.200810071307721
79.0,226.5,374.40000000000003,374.79222153107565,0.3922215310756201
-65.375,140.5,141.5,143.5567042247698,2.0567042247697884
-56.25,1.875,219.5,219.9216388438803,0.42163884388028805
74.25,65.125,149.9,150.98262219908113,1.082622199081129
83.125,34.75,312.90000000000003,316.94298579546637,4.042985795466336
-77.75,187.25,76.2,236.77533231085306,160.57533231085307
37.125,235.875,114.80000000000001,136.77179061467592,21.97179061467591
-58.75,308.25,293.0,293.3908875674301,0.3908875674301271
16.125,301.875,307.55,306.77522888172433,0.7747711182756802
17.75,286.125,30.200000000000003,30.71156355874812,0.5115635587481187
-24.125,329.375,421.90000000000003,415.35604085769415,6.54395914230588
82.75,276.125,23.0,24.0645611278152,1.0645611278151996
28.125,275.125,163.25,165.08226150799976,1.8322615079997604
1.875,6.125,137.1,137.0305867947815,0.06941320521849548
34.0,131.75,2.0,2.9913879392527045,0.9913879392527045
-68.375,3.875,186.60000000000002,207.73385526277906,21.133855262779036
-3.75,57.25,160.60000000000002,160.83394002502948,0.23394002502945455
12.125,254.75,476.40000000000003,477.274043483518,0.874043483517994
59.75,269.625,194.3,193.62936944433707,0.6706305556629388
-14.625,146.0,54.3,78.71000671499321,24.410006714993216
14.25,74.125,30.200000000000003,31.802828764380852,1.602828764380849
17.625,89.125,387.9,387.7676212859277,0.1323787140722743
-68.75,273.875,173.8,176.23362648750663,2.433626487506615
13.75,258.75,368.0,368.8350513384567,0.835051338456708
-52.0,172.375,219.5,217.53660959770068,1.963390402299325
-69.5,346.375,193.3,202.82097639878538,9.520976398785365
64.0,23.25,3.2,5.733071453654985,2.533071453654985
43.0,301.625,155.4,154.83075738501287,0.5692426149871324
-28.75,48.375,427.20000000000005,430.3838511117656,3.1838511117655344
40.625,25.75,16.700000000000003,16.35917516406497,0.34082483593503454
6.625,347.5,80.4,80.90535082481563,0.505350824815622
-55.25,279.625,449.1,452.5181729644437,3.41817296444367
6.625,270.0,343.5,341.7614732269864,1.7385267730135752
36.125,135.625,33.650000000000006,33.43170244512703,0.21829755487297575
-13.0,221.75,209.8,276.2125060325645,66.41250603256447
68.125,258.375,20.6,39.64253194717506,19.042531947175057
-46.375,177.375,193.1,375.538200646026,182.438200646026
-74.75,193.875,334.80000000000007,334.90897897943546,0.10897897943539192
-57.0,286.5,259.40000000000003,263.3429650912853,3.9429650912852594
4.375,268.25,302.6,302.74649142670273,0.14649142670270976
29.125,131.0,125.7,126.17419979529153,0.47419979529152556
57.25,186.125,208.10000000000002,208.5940500887262,0.4940500887261692
58.25,199.625,37.8,43.37348204195716,5.573482041957163
13.875,331.875,377.5,377.885393647225,0.38539364722498703
-23.0,190.125,427.40000000000003,428.913861886348,1.5138618863479678
-10.625,134.125,118.00000000000001,116.26520552168563,1.7347944783143845
57.5,300.75,121.4,134.38444947265833,12.984449472658326
27.625,180.625,134.15,135.06955419422795,0.9195541942279419
-50.0,159.875,435.3,435.0413987901019,0.2586012098981314
82.75,304.25,47.2,45.98975624427714,1.210243755722864
39.0,232.625,293.4,293.5552178253308,0.15521782533085116
12.875,165.5,131.8,131.50025258785925,0.2997474121407606
72.75,349.5,195.8,192.93589859578935,2.8641014042106576
2.75,75.625,222.8,221.78685948394968,1.0131405160503277
-53.625,69.25,230.3,274.0283747111522,43.728374711152185
75.875,182.0,475.20000000000005,476.51061793159687,1.3106179315968234
52.25,304.5,3.2,8.594020610590553,5.394020610590553
2.875,263.75,489.8,489.95154802696203,0.1515480269620184
-52.625,179.25,323.5,324.3587451900203,0.8587451900202723
5.125,122.375,112.0,111.50327691504773,0.496723084952265
17.375,246.375,157.4,158.03186100236698,0.6318610023669748
-48.25,169.5,144.6,159.4340895061043,14.834089506104306
53.125,195.25,106.2,106.76548233901894,0.5654823390189421
20.0,148.875,359.4,358.81283656290196,0.5871634370980132
-65.625,358.125,446.45000000000005,506.4563288012235,60.00632880122345
53.875,303.75,9.0,17.108549018177108,8.108549018177108
-21.375,174.375,264.7,39.74760917214831,224.95239082785167
33.375,299.125,369.70000000000005,369.6614333314,0.03856666860002633
-14.25,94.125,371.30000000000007,372.49143270750085,1.1914327075007805
-28.125,284.875,359.3,363.1873951159743,3.8873951159743
50.875,153.125,147.5,149.32976591848916,1.8297659184891586
58.25,279.25,17.6,91.92473767862606,74.32473767862606
-69.625,250.75,359.90000000000003,367.9995352019164,8.099535201916353
-51.0,279.75,334.20000000000005,334.7400538741328,0.5400538741327523
14.875,288.375,268.05,267.66580171962784,0.38419828037217485
62.25,178.5,18.2,20.782296148320345,2.5822961483203457
6.5,249.625,439.40000000000003,439.3055663657934,0.09443363420660944
61.5,320.5,140.20000000000002,141.63237095830877,1.432370958308752
16.5,71.125,233.3,232.17348712730706,1.126512872692956
-44.125,285.875,0.09999999999999998,5.335504865547792,5.235504865547792
59.25,268.875,130.7,129.17910495676216,1.5208950432378288
-58.75,5.0,486.40000000000003,487.1046198962814,0.7046198962813719
56.125,169.5,190.9,188.0136628935081,2.886337106491908
-74.25,215.75,123.60000000000001,141.22862405819336,17.628624058193353
-2.125,106.875,36.9,48.92700444313375,12.027004443133748
18.125,171.0,440.20000000000005,444.53541895111533,4.335418951115287
-41.0,153.375,415.9,417.0028770556883,1.1028770556883387
80.375,350.875,91.75,104.46519067101197,12.715190671011968
-10.125,170.0,162.60000000000002,270.60404248478966,108.00404248478964
-60.0,311.875,133.3,133.28430959986517,0.015690400134843685
2.25,69.875,335.70000000000005,335.94534247456625,0.2453424745662005
-11.75,124.25,114.60000000000001,103.5843838493723,11.015616150627707
-65.0,116.25,152.20000000000002,155.44141444034253,3.24141444034251
-51.625,163.875,164.95,164.95331090892614,0.0033109089261529334
36.625,235.75,161.9,175.87908035334675,13.979080353346745
80.0,74.0,57.6,55.83039005744172,1.769609942558283
-20.5,190.5,154.60000000000002,156.58151598761458,1.9815159876145572
18.0,337.875,152.70000000000002,152.3714157848113,0.3285842151887266
63.0,322.25,156.60000000000002,158.6428812395843,2.0428812395842897
-14.875,53.375,165.5,166.28864115786254,0.7886411578625427
-38.5,138.875,147.3,146.83341548821036,0.4665845117896481
58.25,181.25,401.6,407.7886421871232,6.1886421871231505
-65.75,121.0,96.60000000000001,114.61510158709096,18.015101587090953
-40.5,75.875,241.3,241.36899614878425,0.06899614878423677
-22.75,51.0,307.8,306.83255821167216,0.9674417883278466
-64.375,154.125,431.65000000000003,432.8292641683943,1.1792641683942406
1.375,204.125,148.0,149.8670616149214,1.867061614921397
-23.625,42.625,99.25000000000001,102.93006487156833,3.6800648715683195
-73.25,196.875,445.1,447.15903483849837,2.0590348384983486
26.625,337.75,421.6,422.52630992078815,0.9263099207881282
-23.375,169.875,128.0,251.15825360610177,123.15825360610177
-23.125,111.5,217.70000000000002,218.0568120961279,0.35681209612789644
76.125,146.375,59.95,58.76263574265287,1.1873642573471344
80.625,248.0,190.4,191.595603358204,1.1956033582039822
71.875,297.5,221.60000000000002,230.20737960812497,8.607379608124944
-6.875,77.0,499.3,499.3456923293051,0.0456923293050977
69.25,295.375,80.2,79.85817422587817,0.3418257741218298
24.625,61.625,44.35,45.1403939647572,0.7903939647572003
56.625,12.5,12.8,12.55871346681707,0.24128653318293125
28.5,194.0,436.6,435.2582203057198,1.3417796942802056
32.625,338.625,385.15,386.2520846043597,1.1020846043597317
-29.5,14.5,201.60000000000002,201.79265324863357,0.1926532486335475
-7.875,204.375,249.9,250.96952225606643,1.0695222560664206
-12.125,49.125,0.5,3.183253773442065,2.683253773442065
82.375,122.375,432.0,430.9086590961192,1.0913409038807913
-6.5,57.75,173.0,175.1511114425154,2.1511114425154005
-22.375,113.125,58.05,58.04388196604917,0.006118033950826884
8.0,83.0,141.0,138.87154772559214,2.128452274407863
24.0,246.875,120.5,120.39592002584679,0.10407997415320835
82.375,244.375,353.30000000000007,352.30664040813525,0.9933595918648166
82.0,68.75,87.80000000000001,86.74918271613727,1.0508172838627416
-10.375,195.625,166.70000000000002,166.38721898293306,0.3127810170669534
32.75,140.875,101.60000000000001,100.39439519445652,1.2056048055434871
-18.375,209.25,78.30000000000001,78.29544068222867,0.004559317771338556
17.5,70.375,282.20000000000005,281.8212945080302,0.3787054919698676
-54.25,68.375,307.70000000000005,349.5454531258278,41.84545312582776
-12.875,159.875,131.75,132.2164414284225,0.4664414284225131
75.375,25.25,119.2,118.25725202810605,0.9427479718939509
-22.375,204.5,101.4,250.8478969472773,149.4478969472773
-23.125,319.125,101.25000000000001,109.98170644312152,8.73170644312151
76.375,80.125,63.599999999999994,62.308716424046985,1.2912835759530097
64.25,344.875,0.5,3.6180482758367205,3.1180482758367205
-26.125,201.5,468.20000000000005,469.0857082472221,0.8857082472220554
-12.375,355.375,408.6,407.95792622055467,0.6420737794453544
72.625,146.0,14.200000000000001,17.077047183942174,2.8770471839421727
8.375,52.625,228.8,228.82754842383235,0.027548423832342905
5.625,49.75,97.0,97.81586716030209,0.8158671603020906
79.625,253.75,35.7,36.564858473944625,0.8648584739446221
51.75,164.375,328.90000000000003,328.73014565676834,0.16985434323169102
34.375,128.375,18.75,28.53672983431895,9.786729834318951
32.125,296.25,88.4,88.64334891545782,0.24334891545781545
-42.875,153.25,405.5,405.8368013533642,0.33680135336419426
-47.5,66.5,201.0,201.4452952156776,0.44529521567758934
58.875,358.875,76.4,76.98708951566495,0.5870895156649425
-65.125,90.5,105.2,105.26724991834485,0.06724991834484229
-16.75,223.875,193.70000000000002,193.87391498913166,0.17391498913164583
17.25,249.125,162.40000000000003,163.47292949931455,1.0729294993145118
53.5,149.0,382.40000000000003,381.07839567290574,1.3216043270942919
62.5,327.125,385.0,393.64678207241866,8.64678207241866
-77.0,199.125,64.80000000000001,65.19164804236182,0.3916480423618083
-2.5,135.375,46.7,72.31743013622125,25.617430136221245
78.75,250.75,15.600000000000001,16.130487665413607,0.5304876654136059
15.875,168.125,165.05,169.73465103718777,4.684651037187763
36.75,143.625,236.2,236.46962997418183,0.2696299741818393
78.5,85.25,126.60000000000001,162.69612963071162,36.096129630711616
35.625,22.25,85.0,86.73632080000802,1.7363208000080164
-2.375,277.25,194.5,194.37484311255932,0.12515688744068143
34.5,130.5,34.800000000000004,40.03513974302547,5.235139743025464
-12.125,210.0,209.20000000000002,207.68956304316785,1.5104369568321658
72.75,37.375,339.5,339.3688485440893,0.13115145591069677
7.125,166.0,201.0,202.90385895062266,1.9038589506226629
58.75,198.75,2.8000000000000003,3.0603168539066896,0.26031685390668935
-66.25,120.0,70.0,74.13670982729741,4.136709827297409
74.375,341.125,7.750000000000001,7.763050330874497,0.013050330874496474
-75.5,205.5,154.8,160.38201545549796,5.582015455497952
42.25,350.375,53.7,58.98206784253222,5.282067842532214
77.375,157.625,37.1,37.63067423570673,0.5306742357067264
-64.5,148.375,261.1,330.54805726118525,69.44805726118523
-1.0,207.5,426.40000000000003,432.5928619847658,6.192861984765784
20.75,297.625,262.1,263.0656437760839,0.9656437760838799
36.75,284.25,16.400000000000002,16.58453718176368,0.18453718176367673
25.625,274.625,270.20000000000005,332.192064565602,61.992064565601936
-21.125,57.125,73.80000000000001,73.58045755001471,0.2195424499852976
-15.125,220.375,90.4,106.30536555387427,15.905365553874262
-16.25,164.625,233.3,233.60140028165935,0.3014002816593404
76.0,118.5,124.0,125.61703151491795,1.6170315149179544
82.625,259.125,170.75,170.11840576073672,0.6315942392632792
-5.125,103.0,50.300000000000004,51.77749400460406,1.4774940046040541
-28.25,160.125,374.5,377.6873149909198,3.1873149909197878
-42.0,51.0,441.20000000000005,453.4277436301053,12.227743630105238
14.625,333.25,214.90000000000003,215.35229032735091,0.45229032735088026
23.375,247.625,123.25,123.1930675228326,0.05693247716739336
-50.875,160.625,369.05,369.5239669957165,0.4739669957164665
64.5,320.375,25.200000000000003,24.86507802677178,0.3349219732282229
-1.875,141.75,101.30000000000001,100.27620556348276,1.0237944365172496
84.0,6.75,365.20000000000005,366.96555149439587,1.7655514943958224
34.0,350.375,130.10000000000002,130.0174293047301,0.08257069526993632
56.75,299.75,34.4,50.96581730988084,16.565817309880842
-54.5,167.0,251.60000000000002,253.94444862068204,2.344448620682016
-70.25,273.25,207.20000000000002,216.88548476228712,9.685484762287103
78.0,127.625,314.70000000000005,311.3349348178323,3.3650651821677684
-46.0,296.125,152.10000000000002,172.6498442032406,20.549844203240582
-14.125,10.25,224.9,222.65354596183735,2.2464540381626534
78.75,96.125,18.6,26.247753219765016,7.647753219765015
73.375,194.0,359.1,358.14579427226124,0.9542057277387812
70.375,245.375,6.95,7.925937146144274,0.9759371461442736
-10.5,146.875,98.60000000000001,98.16007608994947,0.4399239100505383
74.125,163.375,330.1,367.1775212386934,37.07752123869335
16.625,134.75,445.20000000000005,865.6395457638953,420.43954576389524
13.375,125.625,97.75,101.54694423450917,3.7969442345091693
-16.5,205.25,6.800000000000001,78.4487982163258,71.6487982163258
17.25,93.875,58.2,62.02470660711373,3.8247066071137255
6.375,307.75,125.9,129.34903352852314,3.449033528523131
70.875,237.375,24.35,24.475857898082264,0.12585789808226266
55.875,149.375,349.5,349.58989633559685,0.08989633559684762
-20.375,224.875,129.15,130.02206026906214,0.872060269062132
78.125,82.75,67.4,179.3916472713365,111.99164727133649
-16.125,198.625,286.3,344.896101957853,58.596101957852966
34.0,338.0,424.8,426.1049130146239,1.304913014623878
82.5,311.625,5.7,10.553228156086949,4.853228156086948
-68.5,250.375,475.70000000000005,478.092059260006,2.392059260005965
-0.75,76.375,334.0,329.5890201956686,4.410979804331419
69.875,193.375,111.35,111.11541562957974,0.23458437042025082
3.25,110.25,128.4,129.13526336207917,0.7352633620791664
-4.0,40.25,50.6,52.24667162785676,1.6466716278567617
77.25,177.125,477.5,502.6235968116504,25.123596811650373
-72.0,222.0,296.8,296.85905279695953,0.05905279695952004
-18.75,201.875,98.0,100.90927575634757,2.9092757563475686
-1.625,190.125,212.70000000000002,213.06406028155553,0.36406028155550985
-75.625,170.375,125.7,171.48580884324522,45.78580884324522
-31.75,309.125,40.2,39.72812327106837,0.47187672893163324
-24.75,155.5,166.60000000000002,216.46893341314166,49.86893341314163
-75.125,316.5,277.20000000000005,305.90348071164675,28.703480711646705
-21.25,235.0,380.0,380.2478612387961,0.24786123879607658
69.875,49.0,41.3,39.939744620642074,1.3602553793579233
27.125,275.75,155.10000000000002,156.37055743152155,1.2705574315215244
-20.25,190.75,137.6,140.2521225592532,2.6521225592532005
9.75,136.5,169.0,174.9729614751117,5.972961475111703
27.5,196.125,443.90000000000003,443.8232864555998,0.0767135444002065
81.5,102.0,102.60000000000001,102.99093060013863,0.390930600138617
-5.5,189.0,117.4,117.6499532569106,0.24995325691060089
-13.5,207.875,231.3,229.42816060884485,1.871839391155163
14.125,116.875,339.85,347.2343359899342,7.384335989934186
80.625,85.125,88.7,89.2234028618267,0.5234028618266962
-14.125,55.125,206.00000000000003,206.1962636559926,0.196263655992567
30.875,181.0,283.5,283.4408840565673,0.05911594343268689
4.875,274.875,223.3,227.06010823702874,3.7601082370287315
-20.125,184.125,52.25,90.47266448718408,38.222664487184076
83.5,110.125,323.90000000000003,322.31081401278095,1.589185987219082
-6.75,162.875,177.4,181.17427459989787,3.774274599897865
11.125,91.125,121.05000000000001,129.48706409591244,8.437064095912433
70.75,175.75,96.80000000000001,95.9886221471099,0.8113778528901179
81.0,39.125,100.80000000000001,102.15389092590654,1.3538909259065264
19.125,292.875,68.10000000000001,67.00956165447793,1.0904383455220739
-12.0,150.75,108.0,147.97522827973248,39.97522827973248
31.625,144.5,417.0,417.2878192251905,0.2878192251905034
77.0,23.25,17.8,29.322801495862414,11.522801495862414
80.5,164.75,413.20000000000005,413.57718285646524,0.3771828564651969
-5.375,199.375,488.6,491.31971796515916,2.719717965159134
17.125,89.375,445.6,445.7846915756709,0.18469157567085404
55.25,3.375,237.2,238.04432484262105,0.844324842621063
74.875,240.5,61.2,62.79713948836552,1.5971394883655137
-12.125,146.0,223.10000000000002,278.0342766864678,54.9342766864678
21.375,294.75,305.0,305.3933305768433,0.3933305768433115
7.875,309.625,376.30000000000007,389.0719289363181,12.771928936318034
81.625,251.875,220.00000000000003,219.75595839035304,0.24404160964698463
-43.0,186.5,215.60000000000002,230.5698515490533,14.969851549053288
20.5,341.25,175.0,175.69711072708813,0.6971107270881305
-29.75,170.5,256.0,255.13626635227763,0.8637336477223698
39.625,232.5,276.4,276.57968273450797,0.17968273450799188
37.5,25.5,3.8000000000000003,4.670626916641565,0.8706269166415646
17.125,292.5,95.0,95.76656441987033,0.7665644198703347
7.875,143.125,96.20000000000002,354.40687030372044,258.2068703037204
42.0,146.0,135.20000000000002,135.53202512072588,0.3320251207258593
54.625,139.0,13.5,14.446036467867849,0.9460364678678488
-18.0,53.875,244.0,244.05211664339114,0.052116643391144635
1.625,188.375,488.7,487.58730049336174,1.1126995066382506
-9.875,193.25,148.8,150.9245709631487,2.124570963148699
-14.625,141.375,18.45,18.396934177313796,0.053065822686203745
44.75,311.5,413.0,412.43475460031357,0.5652453996864324
-37.5,343.25,357.8,392.9140392435238,35.11403924352379
-14.375,221.375,52.25,237.45408189832094,185.20408189832094
4.375,162.0,142.5,143.48267879306485,0.9826787930648493
77.375,341.625,2.85,10.694072951703184,7.844072951703184
-9.25,186.75,108.60000000000001,111.937728653633,3.3377286536329933
-48.0,75.125,359.8,360.00415177620187,0.20415177620185432
-10.375,112.625,212.8,214.44401830075583,1.6440183007558176
77.375,90.25,14.700000000000001,16.634198876540342,1.934198876540341
-48.625,177.25,159.5,157.04327343427082,2.456726565729184
13.125,172.75,299.1,375.60995312100385,76.50995312100383
-47.75,74.375,321.20000000000005,321.2486671959555,0.04866719595543145
-17.125,354.0,124.5,125.89016840488011,1.3901684048801144
53.625,146.5,220.10000000000002,219.25085067362758,0.8491493263724408
13.875,301.875,161.4,161.63519095160117,0.23519095160116876
-23.875,164.25,269.0,274.9238706171123,5.9238706171123
-63.625,118.875,348.40000000000003,353.48147411620084,5.081474116200809
-40.5,77.625,196.0,196.02258263264716,0.022582632647157652
-53.25,4.375,142.3,140.35184067306525,1.948159326934757
80.0,60.375,9.100000000000001,8.666447356652988,0.4335526433470136
22.875,274.375,128.35000000000002,128.40718717424429,0.05718717424426245
59.875,275.875,197.3,199.40335027770453,2.1033502777045214
67.125,340.25,97.5,98.24912078167421,0.7491207816742076
51.375,225.625,215.35000000000002,216.70886778862305,1.35886778862303
-16.5,210.0,70.2,69.99401958801157,0.20598041198843475
72.875,180.125,142.10000000000002,143.36223917668298,1.2622391766829537
-11.5,282.125,6.4,33.90528434965297,27.505284349652975
74.75,32.75,286.0,284.3118365896641,1.6881634103359033
56.25,319.0,421.0,429.0690749230958,8.069074923095798
75.875,341.875,11.400000000000002,13.235077897339302,1.8350778973392998
38.125,294.125,493.5,493.15561142884394,0.3443885711560597
30.5,182.125,237.0,236.7633984898974,0.236601510102588
71.0,235.25,53.400000000000006,54.3097036089782,0.9097036089781909
18.375,132.375,450.75,835.7640452928737,385.0140452928737
-20.125,11.75,127.3,125.4017670072513,1.898232992748703
-31.625,184.25,292.5,329.40961115737207,36.90961115737207
54.5,142.5,14.200000000000001,14.94987148626126,0.7498714862612594
-15.25,152.0,234.20000000000002,234.72252589218724,0.5225258921872182
7.625,152.625,69.05,80.13500649393791,11.085006493937911
14.25,57.125,337.0,337.4635663358201,0.4635663358200759
76.125,42.5,384.1,381.52771465732116,2.5722853426788674
-49.625,294.5,148.60000000000002,152.1226982744751,3.52269827447509
25.5,149.5,470.6,466.92200496370856,3.6779950362914633
-40.75,179.625,219.20000000000002,220.71771127837275,1.5177112783727296
-4.25,52.0,169.4,196.9175929765698,27.5175929765698
59.625,312.5,115.9,119.65175411323118,3.751754113231172
19.0,247.5,151.6,152.85696343331358,1.2569634333135866
3.5,181.125,388.1,389.08898745282033,0.9889874528203109
73.5,188.375,270.20000000000005,270.4881683488862,0.2881683488861313
2.125,277.25,242.60000000000002,239.91762118074098,2.6823788192590428
24.25,157.75,381.40000000000003,381.6013031918991,0.20130319189905777
34.5,133.5,0.2,0.8766179769082353,0.6766179769082352
-14.375,129.25,12.0,12.232414788013857,0.23241478801385718
-4.25,329.375,200.7,200.5351816583807,0.16481834161928077
-32.25,115.375,26.200000000000003,26.10185837852373,0.09814162147627314
80.75,110.375,211.0,208.88553874942593,2.1144612505740668
6.625,94.875,66.0,87.91014673882304,21.910146738823045
74.25,68.125,111.9,109.8670709621359,2.0329290378641076
58.625,220.125,86.1,86.24932149904483,0.14932149904483083
-11.25,177.125,135.10000000000002,136.42940734905173,1.3294073490517064
55.375,306.875,249.85000000000002,271.64719143284304,21.79719143284302
69.0,278.75,4.4,10.25681266931715,5.856812669317149
22.0,128.375,396.8,426.7404850169413,29.940485016941295
-29.75,163.75,409.8,411.4923352975599,1.6923352975599073
70.125,38.75,149.0,148.60511372984476,0.39488627015524
-35.25,351.0,355.6,352.02056352520736,3.579436474792658
24.625,136.25,467.1,509.30034549556206,42.20034549556203
17.875,208.75,416.20000000000005,415.9610611442209,0.23893885577916762
-3.625,188.0,53.5,93.78065305108362,40.28065305108362
34.0,19.75,178.4,177.2623144936782,1.1376855063218159
-76.5,178.625,141.10000000000002,256.33350339494274,115.23350339494272
-33.875,133.625,58.550000000000004,79.10658248243536,20.556582482435353
17.125,193.5,320.4,323.2575646336578,2.85756463365783
-20.0,59.375,165.8,166.74699274802938,0.9469927480293734
-75.875,314.75,182.4,216.1387080211978,33.738708021197795
56.0,350.375,118.0,125.99417377893552,7.994173778935519
19.125,147.25,167.60000000000002,166.64860130051855,0.9513986994814729
73.0,130.25,24.0,25.1431182638666,1.1431182638666009
73.375,203.0,221.60000000000002,218.94064886350645,2.6593511364935694
1.125,162.125,469.75,470.8148939527658,1.0648939527657717
15.375,87.0,447.0,447.2503538860149,0.2503538860149206
81.25,228.25,474.20000000000005,478.1588074744514,3.958807474451362
3.625,176.875,431.20000000000005,434.89226596815746,3.6922659681574146
-11.5,346.375,398.5,399.9714570255548,1.4714570255547983
4.375,1.25,160.5,160.27470503811668,0.22529496188332132
-15.125,211.25,25.700000000000003,28.764941495744356,3.0649414957443533
-29.25,169.875,185.20000000000002,184.0607430758613,1.1392569241387207
-55.625,295.875,83.7,86.1514417616318,2.4514417616317985
-74.625,189.125,414.45000000000005,437.0332230587068,22.58322305870678
51.625,342.5,471.4,485.25480334827756,13.854803348277585
-26.75,276.0,390.8,390.85033438966246,0.05033438966245285
61.5,319.375,83.9,84.70958949105852,0.8095894910585173
29.5,146.25,447.40000000000003,448.15718862129904,0.757188621299008
23.75,58.875,28.300000000000004,25.825911442527847,2.4740885574721574
-25.125,277.375,282.6,282.7686552793261,0.16865527932606028
63.375,287.125,26.8,32.51751733146325,5.717517331463252
-65.5,11.25,461.6,501.54919592073935,39.94919592073933
70.125,7.5,308.8,309.9029955646191,1.102995564619107
-52.0,307.5,359.6,361.0883686309624,1.488368630962384
-23.375,280.375,323.15,324.95976885191436,1.8097688519143844
6.625,164.5,214.8,214.65696268547356,0.14303731452645252
-17.0,201.875,261.8,263.9646338637549,2.1646338637548865
82.25,17.625,164.70000000000002,171.28918851216463,6.589188512164611
-32.125,179.625,244.85000000000002,393.2150082674793,148.36500826747925
-15.25,57.625,237.60000000000002,339.90952961363615,102.30952961363613
-51.75,173.5,301.6,299.54984370703653,2.050156292963493
8.75,275.625,51.900000000000006,52.799846544998985,0.8998465449989794
-41.5,139.375,385.6,385.108368084736,0.4916319152640085
75.875,218.875,485.0,485.76618784931355,0.7661878493135532
-26.125,315.875,265.65,264.91876227900167,0.7312377209983083
53.375,308.125,247.65,256.4572085123109,8.807208512310893
-43.625,39.0,341.3,340.80663710450506,0.49336289549495405
-7.5,219.75,42.400000000000006,66.66977391988232,24.26977391988231
18.25,106.875,42.1,48.58040820751212,6.48040820751212
-73.625,325.125,287.25,348.9759790513317,61.725979051331706
-60.75,311.25,149.8,150.0910924588018,0.2910924588017849
39.125,324.5,366.1,364.15089342155005,1.949106578449971
6.5,144.25,85.2,547.4777904655359,462.27779046553593
-67.25,289.5,62.2,62.57205914350672,0.37205914350671776
0.375,125.875,71.1,115.61201654678158,44.51201654678158
53.875,145.625,170.45000000000002,169.01154982253306,1.4384501774669616
-18.5,206.875,203.5,203.73751618073254,0.23751618073254122
79.125,258.625,7.100000000000001,7.548013113496316,0.448013113496315
51.75,176.25,67.2,68.80077631623975,1.6007763162397453
13.25,143.625,109.5,108.87333165222277,0.6266683477772261
25.25,203.375,416.5,416.9231703899507,0.42317038995071243
0.375,150.375,208.10000000000002,209.76435762952246,1.664357629522442
-26.375,250.375,79.25,79.91986238643284,0.6698623864328397
21.625,197.25,179.9,177.4647497182934,2.435250281706601
79.0,117.75,238.60000000000002,240.6765640153462,2.076564015346179
12.25,331.75,473.8,474.1507892053702,0.35078920537017666
-54.25,319.125,173.4,92.06282103940323,81.33717896059677
82.375,48.75,135.5,137.1661311344818,1.6661311344817875
-41.5,167.25,293.6,296.5195430964072,2.9195430964071534
-9.375,103.5,253.90000000000003,258.8725618329039,4.972561832903864
-18.25,150.875,172.8,172.76015454215266,0.03984545784734905
70.0,164.875,40.10000000000001,39.70143962185572,0.398560378144289
24.625,199.0,197.4,199.977860974298,2.577860974298005
-35.75,18.875,128.3,129.14848876732927,0.8484887673292576
29.875,186.125,282.85,382.9638598150494,100.11385981504935
24.625,264.25,181.7,179.5748487656618,2.125151234338176
-7.5,60.375,451.70000000000005,452.9048485302157,1.2048485302156564
52.0,203.125,353.20000000000005,353.6277059918916,0.4277059918915711
70.625,258.0,23.6,26.87384633341929,3.2738463334192893
-11.875,123.25,46.2,70.78540815582767,24.585408155827665
-52.25,157.875,244.9,257.1045813940197,12.204581394019698
25.375,245.5,134.20000000000002,134.43525232955278,0.23525232955276465
9.25,136.25,149.20000000000002,200.08415570333804,50.884155703338024
-10.25,221.875,34.0,59.54219386372299,25.542193863722993
78.0,84.0,64.60000000000001,147.4928027312762,82.8928027312762
70.75,19.25,49.6,53.50628569554272,3.9062856955427208
-76.0,164.875,48.900000000000006,56.834042837511795,7.9340428375117895
20.5,140.875,416.30000000000007,417.17315505739384,0.8731550573937739
-66.875,169.25,196.3,196.29363244881725,0.006367551182762554
77.5,40.625,285.1,285.5557935841615,0.4557935841614835
-64.5,146.5,242.0,293.0073715687963,51.007371568796316
53.0,177.5,96.4,97.04565154858231,0.6456515485823076
68.75,256.75,4.800000000000001,6.102661073446589,1.302661073446588
-23.25,276.25,498.0,498.32533221287997,0.32533221287997094
27.625,287.75,445.1,445.9014257938494,0.8014257938493756
19.5,274.375,162.60000000000002,162.7387721880479,0.13877218804788072
-0.75,269.5,3.4000000000000004,5.044271399100967,1.6442713991009663
-16.125,352.625,169.9,170.02719876494382,0.1271987649438131
17.875,272.125,10.3,9.837821620389603,0.462178379610398
-13.25,98.625,218.7,219.5845165428952,0.8845165428951987
15.5,299.375,67.1,67.80403567564838,0.7040356756483845
19.875,264.375,81.9,82.94703033026346,1.0470303302634534
79.5,134.0,383.0,380.97083896010525,2.0291610398947455
81.125,60.125,7.25,8.021858085420181,0.7718580854201811
-15.75,177.5,100.60000000000001,103.26522088878562,2.665220888785612
-29.75,158.625,198.4,200.77929630284285,2.379296302842846
78.125,126.625,340.90000000000003,337.49092222811583,3.409077771884199
-39.25,82.625,442.0,442.3889047312415,0.38890473124149594
17.5,138.875,437.6,717.6158744973402,280.0158744973402
20.5,121.75,18.0,19.60553830197529,1.6055383019752902
58.0,11.75,0.2,0.9287323037528876,0.7287323037528877
69.25,5.875,314.9,316.74471866652283,1.8447186665228514
-12.375,109.625,475.40000000000003,473.22874066827137,2.1712593317286633
52.25,221.625,386.6,389.95996717965,3.3599671796499706
-39.75,153.125,368.80000000000007,369.7909851915843,0.9909851915842296
38.875,147.375,462.85,462.94034182410553,0.09034182410550784
-36.0,19.75,132.20000000000002,132.8975306116291,0.6975306116290767
79.0,71.75,111.80000000000001,111.18185264396962,0.6181473560303914
30.375,273.375,2.4000000000000004,4.185026932948847,1.7850269329488464
-67.25,41.75,104.60000000000001,104.56569984278468,0.034300157215326976
50.25,151.75,179.60000000000002,194.66911250213064,15.069112502130622
-63.375,157.25,397.70000000000005,399.2355871084923,1.5355871084922796
5.625,115.625,2.4000000000000004,1.5129304738434193,0.8870695261565811
-28.375,183.75,183.5,185.09846387153888,1.5984638715388826
-48.625,51.25,242.5,244.70014057096822,2.200140570968216
-65.25,53.375,68.1,68.29401543626891,0.19401543626891282
56.25,187.375,161.5,169.4561976540653,7.956197654065306
70.125,0.5,329.0,329.49833297929246,0.49833297929245646
17.375,40.375,76.2,145.14176712041967,68.94176712041967
-69.875,167.375,85.60000000000001,86.1857519028908,0.5857519028907916
7.875,159.0,125.2,128.6448600452011,3.4448600452011107
38.125,10.625,95.75,107.40285861663966,11.652858616639662
-55.125,335.625,236.1,235.8733419616238,0.22665803837620047
-51.875,319.125,294.4,194.22383891914146,100.17616108085852
73.25,163.25,264.40000000000003,273.7444290570292,9.344429057029174
-14.75,211.875,17.0,19.508773434397092,2.508773434397092
78.125,71.25,144.60000000000002,145.0698500953157,0.4698500953156781
53.0,348.625,87.80000000000001,92.06620384857217,4.266203848572161
-58.125,342.125,489.65,489.94042178946455,0.290421789464574
74.125,189.875,353.8,354.0705364535325,0.2705364535324861
17.5,247.625,198.9,197.48183814824992,1.4181618517500851
41.75,18.25,72.2,72.59030851337714,0.39030851337713557
55.875,209.625,202.8,203.0245237950095,0.22452379500947472
-0.125,173.875,39.59999971687796,40.31725849527687,0.7172587783989073
41.875,145.125,121.0,120.83324689841801,0.16675310158198897
26.75,282.25,12.600000000000001,14.402860023734297,1.8028600237342953
-22.75,234.0,245.20000000000002,245.84062553484424,0.6406255348442187
67.875,332.5,67.7,67.031174087823,0.6688259121769988
9.25,161.125,59.0,401.85749606168235,342.85749606168235
42.875,35.0,86.2,86.41655142825489,0.21655142825488838
22.875,163.875,487.1,489.3413830797393,2.2413830797392507
-23.125,9.875,441.0,441.82563156350886,0.825631563508864
76.125,263.875,18.5,23.27382819515928,4.773828195159279
42.125,235.125,40.60000000000001,40.52353309339052,0.07646690660948963
-77.25,173.5,30.6,104.33123188491268,73.73123188491269
22.375,125.625,259.70000000000005,261.54569268051944,1.8456926805193916
-62.625,48.625,408.85,408.4588119399835,0.39118806001653184
67.5,339.5,142.4,142.4658836233707,0.06588362337069498
-38.0,16.125,457.0,457.4084974431909,0.4084974431909245
-55.875,280.75,415.0,419.4174086497798,4.417408649779816
62.5,341.625,100.60000000000001,101.33149017096468,0.7314901709646762
-20.75,331.0,32.4,28.439595646344443,3.960404353655555
-12.625,353.75,369.20000000000005,369.5580674566574,0.35806745665735207
-72.5,204.5,420.20000000000005,442.9060588915454,22.706058891545354
35.25,146.25,489.20000000000005,489.009234525327,0.19076547467307137
43.5,356.625,6.1000000000000005,5.861812681848771,0.23818731815122973
70.625,176.125,82.4,81.28820487947853,1.111795120521478
-67.375,20.875,263.55,314.14299145860093,50.59299145860092
2.625,137.75,425.4,425.1061180991385,0.2938819008614928
27.75,271.375,145.7,147.0928752987094,1.3928752987094128
52.75,355.75,9.0,8.970563942984743,0.029436057015256978
65.875,274.25,1.9000000000000001,1.6553884776753807,0.24461152232461947
-13.0,198.125,128.4,304.1850457715447,175.7850457715447
74.25,352.25,295.8,295.39418119290815,0.4058188070918618
-24.875,230.5,61.400000000000006,63.1438450736448,1.743845073644792
83.375,350.625,178.90000000000003,181.7836102987568,2.8836102987567642
62.0,184.875,181.60000000000002,182.42194972972555,0.8219497297255316
-54.25,71.0,169.4,200.29106332527024,30.89106332527024
68.0,258.625,8.7,25.58933830518507,16.88933830518507
11.75,52.125,47.60000000000001,46.9471726009403,0.65282739905971
16.25,260.875,38.7,38.43908949651591,0.26091050348409084
-29.75,159.5,198.0,201.1918594515323,3.1918594515323093
-21.0,150.625,42.0,79.40129310376837,37.40129310376837
81.0,353.25,111.0,93.7160151432608,17.283984856739195
-44.625,44.75,454.1,453.11505123038575,0.9849487696142774
32.25,129.125,40.2,48.51526045521696,8.315260455216958
-64.125,51.0,213.20000000000002,213.3101720025312,0.11017200253118631
47.0,349.625,407.70000000000005,407.86065044758357,0.16065044758352087
-29.625,183.625,148.15,147.74518906500714,0.4048109349928666
-0.5,264.75,399.40000000000003,398.5518522399796,0.8481477600204244
-48.0,75.25,368.40000000000003,368.67077822082763,0.2707782208275944
50.875,145.5,128.0,128.88365802714765,0.8836580271476464
-11.875,49.75,49.2,48.51095722104216,0.689042778957841
15.875,333.5,171.70000000000002,172.4866023186876,0.786602318687585
-56.75,3.875,255.8,256.37008644442847,0.5700864444284548
-18.625,159.625,95.85000000000001,434.04278861953156,338.19278861953154
74.25,2.625,457.4,458.1014488720794,0.7014488720794247
2.625,129.625,105.4,105.41663104242534,0.01663104242533109
-1.375,149.5,2.8000000000000003,7.146583888599276,4.346583888599275
10.625,109.875,99.4,100.05826826536143,0.6582682653614285
12.75,53.0,21.200000000000003,40.45309276784286,19.25309276784286
-26.0,234.5,163.20000000000002,164.18605226863872,0.9860522686387014
23.125,156.875,321.0,321.29489648196125,0.2948964819612456
-51.5,292.625,105.4,105.55948962712118,0.1594896271211752
9.125,172.125,107.25,142.0974277712074,34.84742777120741
10.625,140.5,94.2,94.51324435147347,0.31324435147347174
48.0,152.375,52.0,52.05065436353601,0.050654363536011715
22.875,64.875,255.1,255.69406472628475,0.5940647262847563
-71.625,217.875,350.3,387.128376047971,36.828376047971005
78.875,30.0,7.6,6.785684482297117,0.8143155177028829
-28.625,313.5,207.20000000000002,213.4241839271183,6.2241839271182755
-49.625,303.0,204.4,205.04848051858076,0.6484805185807545
-44.125,33.125,462.65,462.15233414349126,0.49766585650871775
60.125,339.75,353.1,364.47149820038436,11.371498200384337
9.75,92.625,57.60000000000001,56.0790476599126,1.5209523400874119
-45.0,57.25,414.0,446.2530394709295,32.25303947092948
-53.875,329.0,325.5,265.370182422378,60.12981757762202
83.0,19.375,242.4,248.6589533510544,6.2589533510544015
-67.125,30.0,216.10000000000002,216.25058074861562,0.1505807486155959
14.625,172.75,386.0,402.01080375804605,16.010803758046052
58.75,194.125,111.80000000000001,113.11931996966776,1.3193199696677453
75.375,73.125,158.90000000000003,165.7292188864215,6.829218886421472
-73.125,176.75,219.8,220.43334700930058,0.6333470093005644
75.75,11.0,166.8,168.70639395389304,1.90639395389303
5.75,311.75,374.0,373.66668371877415,0.3333162812258479
19.625,335.75,282.8,284.0859738793926,1.2859738793925999
-18.75,173.375,343.0,348.57725209226567,5.577252092265667
-44.625,187.375,258.9,279.81793287514245,20.91793287514247
-56.75,316.125,431.3,376.26675337997307,55.033246620026944
33.0,298.5,302.8,302.82886284825577,0.02886284825575558
32.25,30.875,73.7,73.76873604448483,0.0687360444848224
22.25,133.375,331.8,451.59289243225123,119.79289243225122
40.25,300.5,409.8,409.0455951527014,0.7544048472985878
46.875,155.625,215.95,215.13092289054333,0.8190771094566571
-50.75,72.625,205.5,206.63137437204995,1.1313743720499474
82.25,93.125,114.80000000000001,113.28503495928128,1.5149650407187352
-62.0,338.25,405.20000000000005,406.3854028839392,1.1854028839391617
35.0,22.0,141.6,141.86091833844844,0.26091833844844814
40.0,291.625,193.60000000000002,193.27484439293772,0.3251556070622996
15.5,242.75,411.8,408.7551727935905,3.0448272064095363
1.625,143.75,308.70000000000005,382.16545333084696,73.46545333084691
23.0,166.25,411.0,412.7169621850156,1.716962185015575
9.875,253.875,340.1,340.89531444718494,0.7953144471849214
77.125,253.25,34.3,35.049147002924634,0.7491470029246372
19.875,38.75,87.5,114.06168543127949,26.561685431279486
-39.75,350.625,75.1,78.7243409708518,3.6243409708518044
65.75,335.25,23.0,22.91732141946408,0.08267858053591937
-10.0,145.75,139.4,144.7142896954327,5.314289695432706
64.625,179.0,6.700000000000001,10.892650829109128,4.192650829109127
18.125,150.5,495.3,492.5139859953827,2.7860140046173
35.875,298.625,492.2,492.4685274190479,0.26852741904792765
-3.5,129.0,16.8,16.639938290367848,0.16006170963215283
-9.25,70.25,303.6,312.9463397785494,9.34633977854935
44.375,353.0,80.7,82.17686079193426,1.4768607919342571
-8.5,160.0,8.200000000000001,12.318984843550513,4.118984843550512
-66.0,57.25,49.400000000000006,49.256480647075406,0.14351935292459927
59.0,166.375,90.2,92.39337720851037,2.1933772085103698
-18.375,165.125,168.95000000000002,209.6903697321387,40.740369732138674
6.5,54.0,463.6,464.4731042592701,0.8731042592700646
17.25,59.125,236.60000000000002,237.92196383932767,1.3219638393276512
11.75,252.875,278.20000000000005,278.8938682329228,0.693868232922739
75.75,38.125,350.0,347.706872736699,2.2931272633010167
-32.0,156.25,269.0,269.54697963097124,0.5469796309712365
78.0,271.875,16.400000000000002,15.414934469459006,0.9850655305409965
-22.375,169.625,76.75,175.6823531800665,98.93235318006651
-55.625,68.75,379.1,407.87705751582484,28.777057515824822
26.5,269.0,282.6,283.4848658301733,0.8848658301732826
23.25,65.125,218.60000000000002,218.284473652309,0.3155263476910193
-68.125,38.875,87.75000000000001,88.00242148159884,0.25242148159883016
-63.25,107.375,297.8,297.56049632621324,0.2395036737867713
76.875,220.375,431.20000000000005,437.5048102850188,6.304810285018732
-18.75,222.75,50.2,52.197437811272145,1.9974378112721425
67.5,282.75,1.6,0.6088394835631697,0.9911605164368303
19.75,135.875,78.10000000000001,759.8908663857885,681.7908663857885
-7.625,209.75,254.2,451.73035365929417,197.53035365929418
75.375,294.625,64.85000000000001,66.92762569011494,2.077625690114928
-69.25,352.125,133.8,143.5325895747718,9.732589574771794
76.125,119.5,151.9,153.376920079636,1.4769200796359883
74.25,166.75,370.40000000000003,416.6951580718817,46.295158071881644
-9.0,176.875,190.0,194.57954261766085,4.579542617660849
-58.25,162.0,406.8,434.0208949457794,27.220894945779378
