obs_id,dDIC_dTA,dDIC_dfCO2
codap:1824,0.8856675142881159,0.44703499853426365
codap:1830,0.8856724438458059,0.44746297790538847
codap:1838,0.8866451982723902,0.4332906502984315
codap:1845,0.8861053230405105,0.41829177235990755
codap:1853,0.8905976569146787,0.3689114268920548
codap:1863,0.8901415021780394,0.3760048536466911
codap:1915,0.8931372374602233,0.35964357134957936
codap:1927,0.8860210729149003,0.4201488496764796
codap:1944,0.8478350929121916,0.8887422946934294
codap:1947,0.8850331332021142,0.49925199029257783
codap:1951,0.901089446673268,0.3730002878155574
codap:1962,0.8871394487268844,0.4409922464988085
codap:1972,0.8694244972755314,0.597478262080358
codap:1979,0.8698114795663514,0.59458829468781
codap:1986,0.8519222905683819,0.7893309834321371
codap:2036,0.8755418345863291,0.5247450116130494
codap:2042,0.8443540677999408,0.8516630878600608
codap:2048,0.8325723438563273,1.0163519974089468
codap:2069,0.8784948166155573,0.48661162084158605
codap:2074,0.8879911291285225,0.4401101399428171
codap:2078,0.9346641710794756,0.1697321355168242
codap:2081,0.8850157180654605,0.4779404675323349
codap:2082,0.8820282509734625,0.5038213352470393
codap:2086,0.8786768159818621,0.5586961867127229
codap:2091,0.825149652734126,1.2438194234455295
codap:2092,0.8262866569957623,1.2242710175689808
codap:2097,0.8651524649549174,0.6689345043430421
codap:2104,0.870722237643804,0.6005808874538161
codap:2112,0.8514172906629938,0.7926935246691755
codap:2120,0.8357821105716994,1.0000269825854957
codap:2148,0.8482309696496486,0.8371502509558013
codap:2156,0.8363603162499658,0.9623869837992061
codap:2157,0.8387375018894545,0.9298396168455838
codap:2164,0.86045267294935,0.7327585626974269
codap:2165,0.8558469757258536,0.7880422287371402
codap:2178,0.8564695243790084,0.7301835303535427
codap:2179,0.8906122816304105,0.41195040362936197
codap:2187,0.8483382477834311,0.758174492863418
codap:2197,0.8499830839525657,0.7206329747243672
codap:2219,0.8403109135213072,0.818472650219519
codap:2248,0.8900426546383642,0.3993568333141866
codap:2260,0.8905082326216416,0.4385765699444164
codap:2265,0.8904474542662228,0.43789327882404905
codap:2277,0.8890633331400295,0.4158575009867036
codap:2295,0.9039148084052613,0.2866987151342073
codap:2304,0.9122039968237914,0.23614668190339216
codap:2513,0.8609816683790541,0.7008365165017949
codap:2529,0.8687929584432368,0.5862458733056428
codap:2551,0.8665153141771498,0.6128886559083639
codap:2583,0.8356546746783806,0.9683652681248986
codap:2616,0.825423636152891,1.0956676773030267
codap:2626,0.8239187851445422,1.119617600490301
codap:2645,0.8205974274160326,1.1123422873727122
codap:2654,0.8259796522181659,0.9910425390853561
codap:2693,0.885821903518945,0.4246445130393113
codap:2715,0.8448152841137926,0.8105483634167285
codap:2722,0.8464940890451089,0.7889193855321537
codap:2729,0.8436777384226843,0.8281961080672318
codap:2750,0.8570084508023683,0.6680742095713867
codap:2792,0.8041752404039926,1.436946273774538
codap:2806,0.8249616591238009,1.1098940659794607
codap:2820,0.859263537734023,0.7011585236839437
codap:2834,0.8593069651842598,0.6961021058389179
codap:2848,0.868474044341383,0.5818944117918363
codap:2862,0.8564171394095865,0.8031127567476233
codap:2876,0.8222045539916962,1.1516188529828923
codap:2891,0.8750455969820905,0.5092723935827053
codap:2908,0.8731743996208934,0.5269830534350604
codap:2922,0.8699516405424674,0.553536264288141
codap:2936,0.8665011383770889,0.5797992103862271
codap:2982,0.8540136802580491,0.7015511803958816
codap:2996,0.8571057585293147,0.6723631288712113
codap:3010,0.858424254099873,0.6548852992293632
codap:3017,0.8520860411367721,0.7255775854330295
codap:3032,0.8532189520187785,0.7136480267554361
codap:3047,0.8534465678305878,0.7063036845122497
codap:3062,0.856381006084348,0.6677700366637964
codap:3063,0.8731189669310879,0.5090482152950244
codap:3080,0.8585559137827659,0.6450116539194823
codap:3094,0.8669761385278889,0.5780903801969544
codap:3109,0.864484933598078,0.5964019141115386
codap:3124,0.8592108477557758,0.628827444030776
codap:3138,0.8540146913890112,0.6961547399635037
codap:3154,0.8513312264744854,0.7129753973940751
codap:5771,0.926088540758883,0.22453723263379288
codap:5774,0.8687568485136126,0.6809222884214705
codap:5777,0.8947976873280368,0.4356013149804312
codap:5781,0.8789709982036129,0.530108516506516
codap:5784,0.9125979148325314,0.27452102178494897
codap:5789,0.8422224082855791,0.9159670447693316
codap:5792,0.8058078630444925,1.5083328884161347
codap:5797,0.8276849414166918,1.121121810870136
codap:5800,0.8293184262706745,1.1346057959092377
codap:5805,0.8699141527683878,0.6448270823811981
codap:5813,0.8332864225003505,1.0089062008487417
codap:5816,0.8225688959496438,1.1658776451117774
codap:5822,0.8605075744812893,0.649896723636175
codap:5825,0.8577751514935699,0.6655729808562683
codap:5835,0.9012130584474107,0.376075078740314
codap:5838,0.9002593671248178,0.39665355679949243
codap:5844,0.8925730334324271,0.40859123841005385
codap:5848,0.8699446097100463,0.5916379808797956
codap:5851,0.8540505130047222,0.7432831555322537
codap:5857,0.8608950568504952,0.6781565839223731
codap:5860,0.8506421206805044,0.8036320097535281
codap:5873,0.8284723870385733,1.0697800281850505
codap:5892,0.8285843337082497,1.0713478543991641
codap:5901,0.8361361138013308,0.9295572707806059
codap:5910,0.8394309243194584,0.922378698176999
codap:5913,0.8374467689407084,0.8992523906913448
codap:5924,0.8578483545629751,0.7589326851516489
codap:5929,0.8459239203741618,0.8860138285672292
codap:5931,0.8613853966903662,0.7119922209540164
codap:5934,0.850497312282414,0.8348922933807899
codap:5936,0.8534462671425445,0.8063636010490427
codap:5939,0.8480855037996662,0.861840479938337
codap:5941,0.8402038805334087,0.9708950898316289
codap:5948,0.8481876414962244,0.8529827120171376
codap:5950,0.8387698533767889,0.9550839714640915
codap:5953,0.823511538132152,1.1443899789840088
codap:5960,0.8312637773806273,0.9983091347205573
codap:5962,0.8360367172206224,0.9341568163242755
codap:5965,0.8185569017180114,1.1809978998244333
codap:5967,0.8338452622706427,0.9548174732797179
codap:5970,0.9215823779750281,0.2099872279009105
codap:5975,0.9218232131547666,0.2035821351055347
codap:5978,0.836975425098899,0.8775249986476865
codap:5980,0.834245655278437,0.8975153692108506
codap:5988,0.8770630100921153,0.4792677019609073
codap:6209,0.8583272674843556,0.45660579520608735
codap:6303,0.8448946153494035,0.5632152828377457
codap:6352,0.8805926493696461,0.3923196675971212
codap:6363,0.8730553626792243,0.42780251087674515
codap:6371,0.8741212967649972,0.4198680620415871
codap:6381,0.8777493386523929,0.39860272623855053
codap:6392,0.8839628627124512,0.37686070634936186
codap:6403,0.8499784803154853,0.5265362073678261
codap:6414,0.8439924389249427,0.6104294844374181
codap:6425,0.8448863227281436,0.5777200944123706
codap:6434,0.8427493292565487,0.5899783681743429
codap:6442,0.8421467696430227,0.6243017535266517
codap:6457,0.8462837243948798,0.5874384130536328
codap:6465,0.8472417400503218,0.5889955259447106
codap:6472,0.8448817377454816,0.6037880755320657
codap:6479,0.8382284205804353,0.6463959537120445
codap:6486,0.8379496944921812,0.6591227233734571
codap:6493,0.8447105325922166,0.5983283726466198
codap:6500,0.9164493782541285,0.21673091868160554
codap:6507,0.9081880502819786,0.24830903958468298
codap:6518,0.8700047002594147,0.43447322220254136
codap:6529,0.8717915599834214,0.39864155572922755
codap:6546,0.8492689925001287,0.5319583906536991
codap:6555,0.8560432828280682,0.4742557012873476
codap:6563,0.8526949309809879,0.49936130974106163
codap:6570,0.8435399486104416,0.6070887961236622
codap:6578,0.8456401108967384,0.6313693878014419
codap:6585,0.8465681841380501,0.5953812137629484
codap:6590,0.8485817842470169,0.5935955637701227
codap:6594,0.8642879772046399,0.5058470088988543
codap:6599,0.8499911923167929,0.6460330813506516
codap:6605,0.8406793264989574,0.6339548079129145
codap:6612,0.8498039925227658,0.5365230980755769
codap:6620,0.8486998253752063,0.5213304151961893
codap:6629,0.8557612353529294,0.47247794130908005
codap:6640,0.8483011294079006,0.5698320911401424
codap:6648,0.8494637822786899,0.5776620037474913
codap:6655,0.8435748647054879,0.6328050751067167
codap:6662,0.8505329467720912,0.5684674212996015
codap:6669,0.8518093911184224,0.5507640791602171
codap:6676,0.8538120822454403,0.5479549232322825
codap:6688,0.8636376157016912,0.4735298726870951
codap:6692,0.8679590134429418,0.4361867779325621
codap:6699,0.8558315627310549,0.5293777796723589
codap:6707,0.8553633168496617,0.5307388313378851
codap:6717,0.8527487494684465,0.551101282806485
codap:6728,0.8534953318162479,0.5466418216929014
codap:6736,0.8574095012816088,0.5236766714353962
codap:6743,0.851181869630409,0.5674065197822529
codap:6752,0.8555071249149933,0.5532490885084371
codap:6760,0.8581999917719259,0.49831970662398817
codap:6772,0.8574422530264201,0.49526256630724674
codap:6783,0.8572612761824985,0.4941191798552609
codap:6792,0.8516426282603788,0.5224938166747961
codap:6801,0.8520467297501,0.5409218258716919
codap:6809,0.8558627449974665,0.48241413307232506
codap:6827,0.8522119850106264,0.5445847694973054
codap:6837,0.8605125204292108,0.46008888086907973
codap:6847,0.8460163289662432,0.5719576440878882
codap:6858,0.850150569906873,0.5100981811433485
codap:6869,0.8462537068469373,0.5394799823395715
codap:6880,0.8433064859791557,0.5752664806414032
codap:6891,0.8433146844283783,0.5864499052938754
codap:6902,0.8442190707892223,0.5798731144420799
codap:6917,0.8478328418095771,0.5744859891278793
codap:6928,0.8528112046335536,0.5705528756341209
codap:6936,0.8324473860984654,0.7582254586716317
codap:6943,0.8323097946267808,0.7485420181581048
codap:6948,0.8431224208713957,0.6577062353376277
codap:6956,0.8549703853802839,0.5577987504641442
codap:6961,0.8463072526183169,0.6202028397769936
codap:6969,0.8564205092050088,0.5196979943657425
codap:6976,0.862390932236849,0.48778758487696905
codap:6983,0.8706409465664819,0.45136825995200525
codap:6988,0.8480459701106611,0.6041747587551072
codap:6995,0.8592612035313323,0.5210060616620922
codap:7002,0.8637125627144542,0.47138155327866116
codap:7019,0.8831490698321431,0.3616858057796435
codap:7028,0.8720780250755524,0.43315189298073165
codap:7034,0.8479466208734721,0.6117517443251472
codap:7044,0.8527255970911938,0.5659676731729633
codap:7054,0.833518205968403,0.7437150972598374
codap:7064,0.8470364276856799,0.6147720753019712
codap:7073,0.8446032096462659,0.6008443620262369
codap:7089,0.844308673416208,0.6285618095839709
codap:7099,0.8425613617264389,0.6281615339771633
codap:7105,0.878508101305215,0.4168010196394789
codap:7108,0.8435686869217989,0.6315801614871361
codap:7119,0.8374658136135622,0.6854158960888981
codap:7133,0.8287949643311094,1.4923025245880126
codap:7135,0.8293309092709933,1.487432476613776
codap:7140,0.8354239815566871,1.3752452815606375
codap:7152,0.836748630498505,1.275793388950433
codap:7157,0.9038522575656316,0.3553463345942873
codap:7161,0.8935738974425931,0.4759167925656129
codap:7166,0.8957214903757631,0.4475295296567765
codap:7169,0.8994350277525882,0.41537407781879665
codap:7172,0.9239803529894743,0.22794791393835112
codap:7177,0.8920393659370802,0.44364877200769115
codap:7180,0.875424884548238,0.5978755050548443
codap:7185,0.8422390330392773,0.9854321967263786
codap:7188,0.8399604138944596,1.0223438420289312
codap:7193,0.8447179599816081,1.0136551652140042
codap:7200,0.8504593145512445,0.8890255778296705
codap:7203,0.835072735544145,1.0086456748967976
codap:7209,0.8484789299411659,0.7961923748187019
codap:7212,0.7972769216348752,2.2282286940844642
codap:7215,0.8079262511157594,1.7212479525378512
codap:7222,0.8701315923112816,0.5477129018918276
codap:7238,0.8946712514316459,0.42361705838766284
codap:7241,0.8915218271104095,0.448262186446982
codap:7246,0.8871186052556368,0.4776449558960394
codap:7254,0.8858086092977828,0.4859694822048368
codap:7257,0.8853182914328954,0.4750446157738679
codap:7262,0.8856467418565899,0.4709272870281893
codap:7265,0.8797284588144976,0.5192096639839292
codap:7293,0.8421552960285226,1.0837184523243195
codap:7297,0.848025209133084,0.9805133553538781
codap:7301,0.8506012150996867,0.9540211416190232
codap:7306,0.8536291742848334,0.9063216663016647
codap:7309,0.851214969183502,0.9528485154035025
codap:7312,0.8501560397151025,0.9735586509875702
codap:7315,0.8859485717982807,0.5550094738500775
codap:7320,0.8806226496428735,0.6058323680510966
codap:7323,0.8918726564438657,0.5213514792958449
codap:7325,0.8569725197532989,0.9181041054350771
codap:7333,0.8623297291394465,0.8548315237258066
codap:7336,0.870839213480167,0.7385659637450317
codap:7338,0.882764106487457,0.6000525729928086
codap:7341,0.8848486051360851,0.5685916398747395
codap:7346,0.8700874473890963,0.7091666537571655
codap:7354,0.8931455832494066,0.39076538727204024
codap:7356,0.896229168381069,0.36957213364644304
codap:7359,0.8980414017166822,0.3533997037723111
codap:7365,0.9012658597596328,0.32554919420499573
codap:7371,0.8784587313625707,0.48763368187906053
codap:7376,0.8481098916051906,0.7979756786273811
codap:7378,0.8386656405955364,0.9059362367145241
codap:7381,0.8498476804115853,0.7724233347637437
codap:7386,0.8587599815666636,0.6660013588166294
codap:7389,0.8899844512486652,0.5174977413403212
codap:7392,0.8766771745263213,0.6613546060630142
codap:7397,0.8712425779472142,0.6948086788559067
codap:7402,0.8827443808049793,0.5692925996850136
codap:7405,0.8666554161188742,0.7266372720830532
codap:7414,0.82891089984264,1.270746489334897
codap:7419,0.82709658184217,1.2794181943165768
codap:7422,0.846584801578274,0.9718734386729011
codap:7428,0.8584985118866371,0.8330323312827659
codap:7433,0.8348738354670786,0.9519829545995435
codap:13215,0.9099071465313955,0.2996022412573893
codap:13221,0.9069325131981714,0.30007979120455275
codap:13229,0.9130099310477817,0.2819506259056652
codap:13233,0.902331673220715,0.3335200002302372
codap:13234,0.9097890478819863,0.28786712763007927
codap:13240,0.9165112718728778,0.22763989732766277
codap:13245,0.9141431212078714,0.2527274822700747
codap:13248,0.9105059873572827,0.274038626368565
codap:13249,0.9067993614630723,0.29507693716095673
codap:13254,0.8763171301282,0.5142522322196328
codap:13258,0.8659661172293909,0.5127673511733519
codap:13259,0.8664897323844798,0.5084333568172497
codap:13264,0.8756253789529183,0.4172285887188991
codap:13268,0.8678934126546665,0.4464195413447669
codap:13272,0.869932411389982,0.4387134773865
codap:13273,0.8688339131063003,0.44663415609056756
codap:13278,0.8548022189511357,0.4799515112526933
codap:13279,0.8541805429063061,0.4845284108246233
codap:13282,0.8595940585678363,0.4491906511389061
codap:13283,0.8563215496769772,0.47239998951909
codap:13288,0.8578720429495661,0.47181889024614065
codap:13289,0.8583715838922217,0.468197841156325
codap:13293,0.8813398477739156,0.4348090208961821
codap:13294,0.8813622416698763,0.43451072859033957
codap:13300,0.8797453708880312,0.4214690997123398
codap:13301,0.8817680940112496,0.40698190585339944
codap:13306,0.8728473410940296,0.5280864882524838
codap:13307,0.8790910066427386,0.47500692981657267
codap:13312,0.8875938970893458,0.3747189252260341
codap:13317,0.8719441399089192,0.4288287837016469
codap:13318,0.8725233471081992,0.4247408473847827
codap:13323,0.8951640918016892,0.36220158289029314
codap:13324,0.8955467046910144,0.35964257644673125
codap:13329,0.8780786136696861,0.48052759666325073
codap:13332,0.7999306514329874,0.5538795702595962
codap:13337,0.8047148875775747,0.5590899851531503
codap:13342,0.806455370825006,0.5540317524446436
codap:13398,0.8806279700997948,0.3146173980999265
codap:13401,0.8906905684962112,0.30147248549792494
codap:13404,0.8265788702769896,0.5114494121321513
codap:13409,0.8811974211960205,0.3130950830081929
codap:13412,0.877848203732583,0.32611831899384924
codap:13415,0.8859839481183371,0.4225368795760005
codap:13418,0.8960097081485401,0.28358662642631316
codap:13421,0.8736203083044529,0.3989386593061681
codap:13424,0.8757096376739355,0.4341649196189792
codap:13427,0.8901879058344093,0.30146254975988995
codap:13430,0.8828165242448449,0.3257941066153762
codap:13433,0.8317654495353963,0.9307061135282311
codap:13436,0.8237080268540922,0.5979096425130592
codap:13445,0.8401127542201721,0.5182592442406531
codap:13448,0.836951669393784,0.5190953473415902
codap:13451,0.8578094572071677,0.43732614002647097
codap:13454,0.8710161739845717,0.3894864332016823
codap:13457,0.8597727452104209,0.4186403598891957
codap:13460,0.872903858680047,0.3705990144262614
codap:13463,0.8424477958997159,0.49350136422071955
codap:13466,0.8391058446527495,0.46587074014769314
codap:13469,0.8519867698157668,0.3217668387271715
codap:13472,0.8353840050863255,0.36940944518232754
codap:13475,0.8044274935152771,0.49610872352468505
codap:13478,0.8055850826440292,0.4894791485380665
codap:13480,0.8500530865792371,0.3255785218257188
codap:13489,0.8276948479388011,0.43341092753257726
codap:13492,0.8312195335938668,0.426545771473684
codap:13497,0.8591251044622368,0.30190488770153934
codap:13503,0.8265263799576132,0.4482456883122268
codap:13509,0.8668082835802124,0.3650821157086739
codap:13512,0.8655184655722223,0.34296738860643927
codap:13515,0.8953416742506306,0.20639059497034395
codap:13518,0.8505880245068056,0.4148163415068211
codap:13524,0.8314691847053837,0.5430228131349395
codap:13527,0.8104168087074868,0.6275704271895393
codap:13530,0.8090744699256902,0.5923543819719725
codap:13533,0.8793520832980448,0.31932576079771025
codap:13534,0.8903815220967317,0.2635674092075533
codap:13537,0.8682451658046375,0.3770514844866284
codap:13540,0.8380476561790147,0.506189224075797
codap:13543,0.8596102766057356,0.4338094928891678
codap:13544,0.8610261272872322,0.42434550089183176
codap:13547,0.8978464350607283,0.2912590895587073
codap:13548,0.8957585995203772,0.2990137647611846
codap:13550,0.8390469440034849,0.5085418651876807
codap:13556,0.87918314839294,0.36103069290311396
codap:13557,0.8780094786595782,0.3681210889517388
codap:13560,0.9074481269365151,0.26307930884149755
codap:13561,0.9100685358132523,0.2497439314327039
codap:13564,0.9024908053615945,0.27294553326623827
codap:13565,0.9049473558211503,0.26030102397749033
codap:13568,0.9074646942119671,0.26533030646123734
codap:13569,0.9119155065441191,0.242819963841157
codap:13572,0.8725683804138953,0.4028606465901703
codap:13573,0.8812236980711532,0.34828245660605717
codap:13576,0.8653712910577269,0.42975493361564077
codap:13582,0.8905993584166936,0.28917462483741474
codap:13585,0.8811618526785878,0.34043622201511425
codap:13586,0.8668123184852448,0.4323817032707211
codap:13589,0.8852536886386133,0.27265265398887095
codap:13593,0.8588145797364177,0.39154412521202175
codap:13599,0.8824266123731377,0.28359589182241507
codap:13602,0.8649181904734178,0.3299736522758394
codap:13603,0.8672325407349035,0.31810787391304984
codap:13613,0.8479766798752735,0.37593499264039565
codap:13616,0.8417534439433894,0.40643899398082795
codap:13625,0.8558571795595071,0.48547032679061886
codap:13628,0.8757120289103568,0.3890409419852858
codap:13631,0.8573199438549182,0.46939358879012616
codap:13635,0.8270005442554975,0.6046165284669769
codap:13638,0.8270369294336888,0.586431598436775
codap:13641,0.8524119632584188,0.4973571966122563
codap:13648,0.8641640128437302,0.41330871043123807
codap:13652,0.8838547446130178,0.35018400008721073
codap:13655,0.8506198475363362,0.509972695334227
codap:13659,0.8524460232615638,0.5041403629675187
codap:13672,0.8926488106335455,0.31980583730091894
codap:13675,0.8750594164853283,0.4280138939711833
codap:13678,0.8696404903776056,0.4531627803125957
codap:13764,0.835931953813315,0.5052189833904777
codap:13769,0.8618225821353462,0.37409414429271237
codap:13771,0.838937726512313,0.5096307352459917
codap:13780,0.8636647577068288,0.3975270309581447
codap:13786,0.8201422019183155,0.5890497196241995
codap:13789,0.8198969025388578,0.5848549456222827
codap:13795,0.8698171595740405,0.4009188518912197
codap:13798,0.8755933135778378,0.3734569130547243
codap:13801,0.8718881001509544,0.4031773267938661
codap:13804,0.8588498689343851,0.47856077805954556
codap:13807,0.8693633863340438,0.3588734475074489
codap:13809,0.8635534534082581,0.4389423109323616
codap:13812,0.8615660016382662,0.44729574839197994
codap:13815,0.8597810633827976,0.44109938144924854
codap:13817,0.8152159969467903,0.6034587572924011
codap:13820,0.8139838893562228,0.5893521949176375
codap:13823,0.8743607456362952,0.35832507475993225
codap:13830,0.8348750894474506,0.5788484121380861
codap:13841,0.8132353192213486,0.5475465048803017
codap:13847,0.875623836787554,0.3241770461327178
codap:13850,0.8618705312094335,0.43619437240818115
codap:13853,0.8819878143935966,0.32514973808338254
codap:13858,0.8535690553057975,0.4494920036845542
codap:13861,0.8682124649099023,0.42018330973201046
codap:13864,0.8627059602185909,0.47227303735894566
codap:13870,0.8293919590114456,0.5320673282212738
codap:13873,0.8617155628428463,0.42699524616182316
codap:13876,0.8744341855381208,0.3928959937425134
codap:13879,0.8816350365411836,0.36735129855810555
codap:13882,0.8849791008155989,0.33372298645099363
codap:13885,0.9009238275727967,0.2874988779465184
codap:13903,0.8726552096456999,0.3912652794301721
codap:13909,0.881314634831142,0.37188653290581897
codap:13915,0.905172721033523,0.2754272062916243
codap:13918,0.9069046445260938,0.2618716467550257
codap:13927,0.9122496698166742,0.22178779726004905
codap:13933,0.8531113101250867,0.586435298057495
codap:13934,0.8692443756824559,0.44318929722544453
codap:13935,0.8579373758736892,0.5155050948837925
codap:13943,0.8505854969296252,0.48431024108822385
codap:13947,0.8656354883487438,0.3581298004667133
codap:13950,0.8710167113224543,0.32205896875530016
codap:13951,0.866340905455445,0.34710247007819817
codap:13954,0.8618767463037784,0.36731026765914976
codap:13958,0.8579168929943535,0.40286197191517203
codap:13962,0.8633274509618332,0.43073260030587335
codap:13965,0.8539101263693283,0.5190243459496742
codap:13966,0.8709109975509364,0.4142458141197949
codap:13970,0.8443974438964688,0.5243737241421513
codap:13976,0.8731015937194115,0.4246592242254792
codap:13977,0.8505358967004213,0.7163777435648626
codap:13978,0.8476060279056128,0.584128961104625
codap:13981,0.8713608495129392,0.4505922904995714
codap:13984,0.8832249801139369,0.3730229263956062
codap:13985,0.8628137676107599,0.5338500167308666
codap:13986,0.8528949515680324,0.5332048865993784
codap:13990,0.8641747540928009,0.4886134942062199
codap:13994,0.862149490286356,0.5386192175312772
codap:13997,0.8881064906879601,0.37725413583484624
codap:14001,0.8649407226289441,0.5001117719330068
codap:14056,0.834837311010233,0.5044763941500605
codap:14059,0.8453098279080677,0.44015386313026283
codap:14061,0.8213553037862766,0.4419203150521298
codap:14064,0.8147314215702863,0.4581447965533698
codap:14071,0.8051396134169408,0.5191807397873163
codap:14078,0.8899375238488574,0.29548778213461446
codap:14086,0.880375545631523,0.3427888300818722
codap:14091,0.8739557264641462,0.3818844052248096
codap:14127,0.8200046170336464,0.5486113381589348
codap:14142,0.8804492293140811,0.3036191501792018
codap:14157,0.864099218775209,0.3768569803180526
codap:14160,0.8584628516587145,0.40859572820500034
codap:14165,0.8564923187607292,0.400459856475436
codap:14169,0.8578901761261477,0.39915074602436107
codap:14170,0.8506216632679298,0.3973518730174419
codap:14175,0.8502524530945266,0.3830129067307553
codap:14176,0.8828585635492345,0.3288772087169036
codap:14187,0.8636730442772205,0.3599577834111187
codap:14191,0.8584317850388743,0.4081365318204462
codap:14208,0.82325299622903,0.5081904873104577
codap:14218,0.8460748366612734,0.4012620353375951
codap:14219,0.8274174839830266,0.4759075164824935
codap:14220,0.8377250932835523,0.43399257876217234
codap:14229,0.8247539201249765,0.48681858980012294
codap:14247,0.8622179051239982,0.30730949971461996
codap:14248,0.8343503851031073,0.45858424761581773
codap:14272,0.8402727680984299,0.40662844776534257
codap:14279,0.8419257837135774,0.37060875718293573
codap:14283,0.8313531809983488,0.41897059734696995
codap:14289,0.8223790986812674,0.4555662052207481
codap:14297,0.8643320418020721,0.3742118186098651
codap:14304,0.8332455685626883,0.5201717699296751
codap:14315,0.8588504096210272,0.38239880335163434
codap:14318,0.8402844335689679,0.5183379199179399
codap:14326,0.8470075378156707,0.48701914659022805
codap:14329,0.8546665297421896,0.4674924893984098
codap:14347,0.8630615815472993,0.40549012808105545
codap:14350,0.8711873852296321,0.3633647217611724
codap:14358,0.8684710217514748,0.4070793036114537
codap:14402,0.8806925092972051,0.38867810329566055
codap:14403,0.8569938456021191,0.45020973991859137
codap:14404,0.8165013729053499,0.5506394507169716
codap:14405,0.8935162336615576,0.3614855956163865
codap:14406,0.904805268109385,0.3035531178450128
codap:14407,0.8946093082365678,0.36421126975733387
codap:14408,0.8886343877943546,0.3846735946017361
codap:14409,0.8833646027610484,0.37235347837076915
codap:14410,0.8814508444461353,0.4664845057891398
codap:14411,0.8870402146158085,0.40586984128276526
codap:14412,0.8907957314404484,0.37147792407949964
codap:14413,0.8745442346641994,0.5293783454944787
codap:14414,0.8999170543606851,0.32938878673758154
codap:14415,0.8673322664194529,0.5838356301935619
codap:14416,0.8863242462052767,0.369197895517118
codap:14417,0.9097499257541131,0.24740546496423121
codap:14451,0.8522040835646294,0.38513402998614765
codap:14453,0.8735307530109822,0.38769991054618913
codap:14458,0.8142703791231725,0.6182943153130509
codap:14464,0.8687443079954846,0.36316300696989856
codap:14467,0.8552587435995065,0.44183617984162993
codap:14470,0.8587161568145802,0.44449714371467053
codap:14473,0.865708258092809,0.41211548736396253
codap:14476,0.8601192526089108,0.4557219895345952
codap:14479,0.8484084845765665,0.5574489075188467
codap:14482,0.8701642219120913,0.423680819141282
codap:14485,0.8595407399093347,0.48458349042471127
codap:14488,0.8818449886757662,0.41879741164189
codap:14491,0.8661181594311529,0.5202565772135586
codap:14494,0.8536992450708567,0.4766658668695527
codap:14497,0.8407470785266469,0.6100496701187694
codap:14500,0.8828547282214458,0.44157555093465817
codap:14503,0.8657328623025933,0.4677640679058186
codap:14506,0.8720480120191496,0.42951318272093886
codap:14509,0.8777803940452031,0.4464162799690712
codap:14512,0.8902850357508214,0.3877241548718757
codap:14515,0.8748624193056003,0.46290421669232273
codap:14518,0.8638884846150177,0.5048789541583574
codap:14524,0.8741797846719237,0.4533481676676274
codap:14525,0.8715891436359016,0.4783558297467607
codap:14528,0.8769375502301955,0.46398006765457467
codap:14529,0.8775439378300689,0.459383457273816
codap:14535,0.8890975173317202,0.3793362949331822
codap:14536,0.8733855971663615,0.42704047756842556
codap:14540,0.8580125387316002,0.42370244672201807
codap:14541,0.8562361701806367,0.43239377062445783
codap:14544,0.8651170217890467,0.45441037412183505
codap:14547,0.8817708949054577,0.48434174641352
codap:14548,0.8790908923090228,0.507175002678423
codap:14551,0.8950993135485987,0.3736612696127395
codap:14552,0.9035700565232219,0.32994050464503744
codap:14556,0.9013772559978861,0.321572248742541
codap:14557,0.8979555117448399,0.3430040607818228
codap:14563,0.8806653917408767,0.40217456702521304
codap:14566,0.8967902020331167,0.3341187402811556
codap:14567,0.890264501490492,0.35010861121372727
codap:14570,0.8989497842849232,0.3134037832278409
codap:14571,0.8934677224629013,0.3468890292897413
codap:14574,0.8873432038931242,0.38815159837668034
codap:14575,0.899665453884154,0.31298577240386294
codap:14578,0.8962607745320383,0.3417590560957251
codap:14579,0.8985767722019773,0.3279600989890241
codap:14582,0.8834984721679575,0.4377130973139174
codap:14583,0.8904480750784387,0.38690388335271564
codap:14586,0.8857682475695583,0.355722269619946
codap:14587,0.8846972802211894,0.3618560478416839
codap:14590,0.9106581171408834,0.27458443278101186
codap:14594,0.909017559073618,0.2898248353112649
codap:14595,0.9076762370409597,0.29899159838714695
codap:14598,0.9037693671425586,0.2842393377600274
codap:14599,0.8990808140338231,0.3110263322505489
codap:14602,0.9017017470687279,0.3010813729692927
codap:14603,0.900249122920286,0.31541381065108
codap:14606,0.9086741776031886,0.28513955840844574
codap:14609,0.9018763823505651,0.329636012021183
codap:14612,0.8976018293797097,0.35455597843065334
codap:14613,0.9018237316290652,0.3274248317502497
codap:15041,0.7869070522599486,0.689651745554329
codap:15072,0.7897238468397063,0.6428441831835698
codap:15099,0.7971544491849727,0.5577174315003504
codap:15198,0.773048836154203,0.7433249281830285
codap:15214,0.7976447531273152,0.5396903984446908
codap:15336,0.7956070607688162,0.5152497445342306
codap:15341,0.7937869145835066,0.5283954579726924
codap:15368,0.790132293965371,0.5600641161661315
codap:15383,0.7856311327429921,0.5801507779081021
codap:15428,0.7905175706307546,0.5694235210421539
codap:15580,0.7960335866521291,0.5527940850356572
codap:16053,0.849044177324231,0.45675673092296165
codap:16070,0.8486656576262703,0.42988688778450523
codap:16082,0.8438357722352521,0.4494844642595126
codap:16176,0.8683217853881615,0.42035559672240197
codap:16391,0.808033014820694,0.5392501891988104
codap:27469,0.9366620328530644,0.19408612463030295
codap:27478,0.932394970032874,0.2063123203708983
codap:27487,0.9400054509105757,0.17252398375649136
codap:27496,0.9425575485822719,0.17488851827556573
codap:27514,0.9451698010043401,0.15420750683483675
codap:27523,0.8347501960304271,1.0667722116481855
codap:27532,0.8630182121094094,0.6687970234320346
codap:27541,0.9360457298012079,0.1687549908517667
codap:27550,0.8898866639547123,0.3569325849350662
codap:27568,0.8716247893939908,0.4705117931609948
codap:27577,0.9015444504746029,0.31633573082535804
codap:27586,0.8579119532960249,0.5755302219733949
codap:27595,0.9218131510729108,0.21659163058779995
codap:27604,0.9073712780307233,0.28287324495340727
codap:27613,0.895713045777029,0.36325388847308204
codap:27622,0.8832917124575488,0.4028232939222107
codap:27631,0.9215953744906074,0.20162482085720512
codap:27640,0.9250476856416299,0.19109559074945537
codap:27649,0.9068067326572873,0.29526531768215136
codap:27658,0.9310118552559743,0.1822048293172429
codap:27667,0.9012429693409558,0.322242647102712
codap:27676,0.9305140300727999,0.1942389274395282
codap:27685,0.9118928766320096,0.275576691026572
codap:27694,0.9339194405788476,0.18272819032131338
codap:27703,0.9252183016083109,0.21907335367882297
codap:27712,0.9205890935108982,0.24845143003426529
codap:27721,0.9244717486740228,0.27154669505489437
codap:27730,0.9400131015636362,0.19161676702196928
codap:27739,0.9327405262390585,0.23875714569589945
codap:27748,0.9385166966028464,0.2118364524039862
codap:27757,0.9394616436975411,0.2104158278707473
codap:27766,0.8430608416044834,0.6958213276527658
codap:27775,0.8757857384871386,0.3465597097806494
codap:27784,0.9156473448883844,0.22643314013475901
codap:27793,0.93481983237848,0.16463080008065845
codap:27802,0.8795965436779625,0.3986885353390335
codap:27811,0.9360517970917499,0.147124935603415
codap:27820,0.8947920451644222,0.2941569793290455
codap:27829,0.8489832073680645,0.6723071688813889
codap:27838,0.9307705257676844,0.18018440656419443
codap:27847,0.9334656601708957,0.17277519933281837
codap:27856,0.9340013452419953,0.1736086296598387
codap:27865,0.9357306551212332,0.17120186665420078
codap:27874,0.9375077460899774,0.15281640746547964
codap:27883,0.9427693211359838,0.14831147049699211
codap:27892,0.9364387527721192,0.17506132558219178
codap:27901,0.9452072887881968,0.15964685177095816
codap:27910,0.9469442097354204,0.148805503499716
codap:27919,0.943102018164609,0.17159005290841378
codap:27928,0.9320391530270626,0.2294219212972166
codap:29397,0.903584281597432,0.2870111258689576
codap:29507,0.8864247771459759,0.3941738580299443
codap:29560,0.8863247021477036,0.4237537838046137
codap:29575,0.8899805979087887,0.3875639305624645
codap:29659,0.8953346878051889,0.4183925347233526
codap:29668,0.9003562172904367,0.3621269748823579
codap:29733,0.8935413379278998,0.4076169555380602
codap:29778,0.8972230867291273,0.39478245386453636
codap:29825,0.921902350626624,0.2578743263702563
codap:29833,0.9174406055926738,0.2794935109868675
codap:29871,0.923735218576212,0.24462425228148277
codap:29902,0.9274061011981303,0.2325709648571319
codap:30062,0.8987932726799954,0.3791092866285908
codap:30078,0.8909833887048535,0.40300220128665387
codap:30097,0.8988294994833268,0.370191552562801
codap:30137,0.9290288262695867,0.2418610331249056
codap:40444,0.8628535244274644,0.583312432167304
codap:40463,0.8604737889504577,0.5596500863075562
codap:40485,0.8530785734005804,0.6225501264239028
codap:40509,0.8513954876789285,0.6174375485732071
codap:40550,0.8396635200219862,0.7267984285967941
codap:40574,0.846720922995928,0.6414499208881352
codap:40663,0.8468023622326655,0.6478002869048396
codap:40687,0.841268456506441,0.7135726953515587
codap:40728,0.8440197531117519,0.6670826055692487
codap:40752,0.8431729183066636,0.6693170344965438
codap:40776,0.8492467496162135,0.6545368157694611
codap:40817,0.8675634123896998,0.4993232955412168
codap:40841,0.8666868748923662,0.5760394266185358
codap:40903,0.8635018648797086,0.5570973625121951
codap:40943,0.8422040734567418,0.7263675342267106
codap:41095,0.8527583776167376,0.6231028312568014
codap:41136,0.8675555630970848,0.5222199236550296
codap:41142,0.8735004459085758,0.4818632066967439
codap:41350,0.8957860448153951,0.3819253003216545
codap:41369,0.8957360684380546,0.37998291681833507
codap:41411,0.8895333526243121,0.4251409704133948
codap:41435,0.8853291155705847,0.45699697692407426
codap:41459,0.88387454911026,0.4716503176000515
codap:41483,0.8847439604801366,0.4586333694901441
codap:41599,0.8873801649037887,0.42711154817197894
codap:41623,0.887393190630064,0.42205099567399884
codap:41691,0.86701725574585,0.6183909655628668
codap:41766,0.8818286526582142,0.5689673781264446
codap:41806,0.8820419633443635,0.45917395234300784
codap:41940,0.8705126735048907,0.5442705693308199
codap:41964,0.855054563304293,0.704345993570314
codap:42005,0.8548430216228553,0.7463464907659727
codap:42027,0.8529991082887136,0.8066224254482677
codap:42069,0.8561121338861994,0.6706371003620006
codap:42092,0.8687769598855084,0.572497464926073
codap:42133,0.8696409081449019,0.5522521136931573
codap:42157,0.8726995633178376,0.5289389867057253
codap:42181,0.8619403460884314,0.6255723928293264
codap:42205,0.8703533668985983,0.5475201257559092
codap:42294,0.8661172309152789,0.583280877233392
codap:42318,0.8596768187057933,0.6418854915659722
codap:42359,0.8517580795160029,0.7254326669849434
codap:42407,0.8555208280986335,0.6874099013543855
codap:42429,0.8484551110441316,0.8191715538264361
codap:42636,0.8861590840829194,0.5154341281513553
codap:42653,0.8851979944397499,0.5277573241432947
codap:42675,0.877158077914828,0.5528088470787225
codap:42697,0.8656733250386424,0.6051538862011512
codap:42719,0.8666395257596378,0.6072953680554747
codap:42742,0.8628675111490338,0.6347977478435496
codap:42834,0.8524740223901972,0.7340449789767263
codap:42874,0.8619503465547496,0.6331339400471734
codap:42920,0.8525428744005694,0.7818290136956421
codap:42941,0.8705177239326076,0.5615915885359755
codap:42992,0.8499177872990913,0.7946645676561275
codap:43098,0.858916644351666,0.6804250725372185
codap:43249,0.8699249216510907,0.4422827665453042
codap:43263,0.8707208081834779,0.45670841280093555
codap:43289,0.8896355842241519,0.3606614083519162
codap:43296,0.8913560480391425,0.3497823974721541
codap:43363,0.8881121860667918,0.48215951170323024
codap:43385,0.8856195016192032,0.4354535308461891
codap:43422,0.8701825355051369,0.5919077424109673
codap:43446,0.8788497330797327,0.5051280263855915
codap:43470,0.8739117773802718,0.5518698905048041
codap:43507,0.8814430803158757,0.4680275195737522
codap:43531,0.8786494536175269,0.48936467513021853
codap:43555,0.8769665689446811,0.5077673559162577
codap:43640,0.8727337414466092,0.5418191486073738
codap:43664,0.8595697950531758,0.6729249625927878
codap:43688,0.8741196970413512,0.5494276367467137
codap:43712,0.867291590132254,0.7024846555489148
codap:43749,0.8794187972869167,0.5958666201699998
codap:43897,0.8795434463963829,0.4260487056376405
codap:45781,0.8948280782874463,0.3965729063238541
codap:45801,0.8896220837209512,0.4253795048584834
codap:45821,0.8935045364528378,0.39589764736274446
codap:45843,0.8900315448568108,0.4277841943007843
codap:45863,0.8955505797634942,0.37624256591516314
codap:45906,0.8918767008749455,0.40227057500351293
codap:45926,0.8512519213850283,0.8649432070942566
codap:45947,0.8860758450823596,0.44076521444458194
codap:45986,0.8459739940190047,0.920413912391723
codap:46010,0.8582093346740294,0.7356974225849626
codap:46031,0.8491847486950519,0.9084034233455895
codap:46054,0.8413149978105139,1.0325915030389297
codap:46076,0.8563550711280641,0.8999033215536656
codap:46077,0.8552235346085126,0.9159259065934293
codap:46085,0.8570160798926736,0.8913323644717366
codap:46104,0.8589446692292313,0.8690991403152566
codap:46122,0.8393141369219848,1.0981297564487704
codap:46152,0.8476340445308779,1.0013236595423223
codap:46163,0.8464854993560493,0.9948810001458241
codap:46216,0.8584909205787881,0.7884778167322111
codap:46227,0.8605140171730454,0.7192642589502611
codap:46308,0.8823537074163141,0.5947983087849025
codap:46494,0.8747702013668004,0.44147073751332755
codap:47242,0.8592688286225894,0.41650356508898767
codap:47244,0.8540983176103509,0.4427013230358625
codap:47251,0.8395916242809562,0.5055255102979572
codap:47253,0.8272319434304336,0.5515849357636853
codap:47306,0.8384984683698349,0.5241015355170475
codap:47308,0.8478198344100747,0.4711537189148203
codap:47309,0.8509212614271746,0.47132840575250157
codap:47311,0.8549621688189291,0.44177244049092224
codap:47323,0.8418218160775268,0.5196964910307997
codap:47325,0.8446192482047081,0.503334346034535
codap:47331,0.8640109458290226,0.41625545945498743
codap:47335,0.8670027129007849,0.41078528189314056
codap:47345,0.8545286885621408,0.4411902988622387
codap:47348,0.8577596288848781,0.4355602331161208
codap:47351,0.8572091598862244,0.4349094871008674
codap:47374,0.8668314358296811,0.4358788358383663
codap:47378,0.8945554935960445,0.32117595670115406
codap:47384,0.8829818267154224,0.3966316712871958
codap:47389,0.8693208543538731,0.41411941292471965
codap:47391,0.8705985936207981,0.4003484997676878
codap:47393,0.8614506684073149,0.4291519807122768
codap:47395,0.8667458229801923,0.40488707243957833
codap:47397,0.859509065457587,0.4438163170800635
codap:47399,0.8491971933342484,0.4739936091700656
codap:47403,0.8147199767836355,0.6085695585684334
codap:47411,0.8210487078247297,0.5663781442592608
codap:47418,0.8285802905088531,0.5453942640772311
codap:47674,0.8930419847656594,0.5021496638298686
codap:47678,0.912369771710928,0.3247725287155845
codap:47704,0.9161899996056491,0.30311880454814855
codap:47706,0.8893210240364624,0.41668127242519404
codap:47728,0.8869189168387948,0.46078359453554185
codap:47734,0.8713103244217564,0.5698750773578922
codap:47740,0.8863800400731634,0.5452312806073678
codap:47742,0.9010182114272993,0.4157175924751755
codap:47756,0.867854560021442,0.5044794698587793
codap:47758,0.8762874051290055,0.5172524630852422
codap:47761,0.869035528582117,0.5641005231786949
codap:47764,0.9023136690452702,0.39489222595716456
codap:47766,0.8935048894945794,0.5026738384124201
codap:47768,0.889074713883474,0.537108990977913
codap:47770,0.9142718726436669,0.34170239678269354
codap:47772,0.9239497799737819,0.2771193602495714
codap:47822,0.8902334223885191,0.42026891383466136
codap:47875,0.8786163411350572,0.5165116693565324
codap:47899,0.8653467928279497,0.6547738820322593
codap:47925,0.8714588984480542,0.6123806803602747
codap:47949,0.8754014174537588,0.5836309312312551
codap:47980,0.888911689487486,0.4838686880420937
codap:47987,0.887261671079159,0.5286949044475477
codap:48002,0.8799639408575786,0.5501202579462188
codap:48024,0.8583020071341707,0.7610583836403748
codap:48051,0.8521648016958352,0.850268354201944
codap:48173,0.886973517421211,0.46032347379014027
codap:48196,0.8947210083579193,0.3974032679348056
codap:48221,0.9058798385535738,0.4065202182387111
codap:48234,0.8926535647533456,0.4073497165509252
codap:48254,0.8807841121556521,0.5049395139371882
codap:48351,0.8685254268511926,0.3742029728248326
codap:48361,0.8672425524537175,0.38647717583830854
codap:48381,0.8651597372852393,0.4006980516628573
codap:48403,0.8660130023276906,0.39446654293715255
codap:48420,0.8520874132730114,0.45503793929037784
codap:48439,0.8483749916015313,0.4534114798923383
codap:48471,0.8468886992100124,0.4749471479051408
codap:48580,0.8857554269029606,0.35856777588173827
codap:48658,0.8658227283290216,0.3932146727690906
codap:48679,0.8583640653116618,0.3760448030284351
codap:48682,0.8681598154882977,0.37743234437721185
codap:48749,0.8373319854308647,0.49568830178941425
codap:48771,0.8416273875327533,0.45838899987984405
codap:48862,0.8394233975573115,0.4551826520905706
codap:48871,0.836420227546796,0.4728724536792015
codap:48891,0.8371867859973463,0.4670563261479401
codap:49173,0.8608624472783504,0.4089020486535446
codap:49202,0.8629501254465595,0.3975312501127064
codap:49232,0.8506026936770468,0.4272007547956491
codap:49246,0.8686276850914965,0.3925122143784847
codap:49256,0.8597525280331411,0.4367086073009432
codap:49266,0.8599595013877206,0.44192580564208583
codap:49276,0.861904180790134,0.42600621422434415
codap:49286,0.8680530805406761,0.3935971571704613
codap:49296,0.8673691288561258,0.3964673870777915
codap:49317,0.8751744531184613,0.333120983522349
codap:49328,0.8710238752321402,0.35593985947684814
codap:49647,0.8979222491725523,0.25627804436453516
codap:49655,0.8824506961896077,0.3281013271903248
codap:49665,0.8648575037507271,0.424867044565417
codap:49675,0.8722273023522575,0.3886118830066607
codap:49685,0.8677891278462084,0.40355318585898203
codap:49705,0.8745521520902457,0.35910422620736426
codap:49715,0.8578028876363533,0.4628843154864626
codap:49725,0.8767693073571081,0.36000302096454107
codap:49734,0.8737600159975045,0.37512738349096253
codap:50272,0.9030392111483252,0.35045793900940225
codap:50298,0.9009873156744561,0.37342690907121323
codap:50321,0.8678116005407901,0.4375289367194455
codap:50359,0.8612711517312164,0.4625184943529348
codap:50404,0.9177027825273854,0.2818463608914499
codap:50432,0.9162356432716479,0.29821373550703356
codap:50525,0.8938907939855198,0.37627585469317637
codap:50538,0.8869261111285596,0.4078083738722853
codap:50570,0.8850057783520242,0.38722127728942723
codap:50706,0.903751159942658,0.38249555474067165
codap:50748,0.8974018965800497,0.37215906441724655
codap:50992,0.9053112030233024,0.3736928713774432
codap:51064,0.8965102126721831,0.4111625514442494
codap:51116,0.8915131496255526,0.4410489719261932
codap:51140,0.8918499530009285,0.42094005988246863
codap:51171,0.8948752778892413,0.3825642413453352
codap:51219,0.8898316739100665,0.42358978126594593
codap:51242,0.8909850520954024,0.4220306480124236
codap:51265,0.8876222365629474,0.4465154988965878
codap:51288,0.8878881586165335,0.44494008780520744
codap:51312,0.893821502756964,0.3821432384643231
codap:51350,0.8929945124177721,0.4099798056236068
codap:51364,0.892291864453,0.38725998791915117
codap:51425,0.8918611712820166,0.40856805607336355
codap:51449,0.8898773910013915,0.42336481330175957
codap:51472,0.8872022959521928,0.44143269071173563
codap:51555,0.8834570491649174,0.49736220633394623
codap:51585,0.906594191016211,0.4018661271243218
codap:51714,0.8260403860244878,0.5890653653168556
codap:51760,0.8364413018693995,0.577004102652154
codap:51816,0.8862194114026352,0.39000136807408126
codap:51840,0.8890532367645392,0.3776267981559158
codap:51851,0.8653674815768682,0.398773409311616
codap:51859,0.8636070199079313,0.41623850344149105
codap:51865,0.8627002064533826,0.4219828589773442
codap:51875,0.8648131465774895,0.40999516612805564
codap:51894,0.8536696428382129,0.44284536932877927
codap:51906,0.8536671659096555,0.4446167309802149
codap:51926,0.8741745901320428,0.37584976874495624
codap:51948,0.8580438478095402,0.4432896945925222
codap:51971,0.849237401662549,0.4667169980532435
codap:51976,0.8400008869070916,0.4897313870751532
codap:51994,0.8243989271256851,0.5442490288251065
codap:52011,0.8438431145104914,0.4590619281811996
codap:52034,0.8750802714046131,0.35475425082609036
codap:52044,0.8699697533163544,0.3823102642536469
codap:52055,0.8622766866146776,0.41302837021248706
codap:52080,0.8725495609921836,0.3693447660302809
codap:52103,0.8894652569047139,0.3408507786118662
codap:52136,0.8957511250573589,0.3212598753218572
codap:52163,0.8646862683856398,0.36022705059576765
codap:52186,0.8761331245145811,0.35060753010498047
codap:52202,0.8602349783475347,0.3815833566131914
codap:52273,0.8520696728637631,0.4146484757879989
codap:52284,0.8408329111939565,0.45141678322443113
codap:52309,0.8383134340172091,0.46296332065890056
codap:52372,0.8175928128011947,0.5332170849571867
codap:52402,0.8147090485324497,0.5482215466167872
codap:52432,0.8035796780206965,0.5701113915577025
codap:52655,0.8681231481916711,0.38398381360570966
codap:52666,0.8686919347753701,0.3652422608170127
codap:52676,0.8622045975087076,0.40902174998245755
codap:52694,0.8636866308227127,0.38484220088093934
codap:52719,0.8593414269469122,0.40150781205829844
codap:52747,0.8469590667600642,0.4343372296141297
codap:52754,0.8482184647882605,0.4234309130040401
codap:52863,0.8590024340251148,0.43100321682277354
codap:52897,0.8518422011086386,0.45734373646905624
codap:52936,0.8440345144217645,0.4698442693902507
codap:52962,0.8312341404489416,0.5194815557574657
codap:53105,0.8816156872867396,0.33841504529414124
codap:53123,0.8613384203367787,0.43502167654901314
codap:53145,0.8670493414481371,0.39478561432747483
codap:53156,0.8738449904269601,0.36830571534187584
codap:53166,0.8610943833671172,0.43722429749914227
codap:53176,0.8629632157296783,0.42829262436862336
codap:53186,0.8599069160973158,0.4403823752606968
codap:53195,0.8510586568263534,0.48585286573302255
codap:55310,0.8686476793002385,0.3391887962400233
codap:55338,0.8687961076404918,0.34032185763908274
codap:55356,0.8410249279108939,0.4383300845552185
codap:55375,0.8330727265031328,0.47135031241896286
codap:55391,0.8343869046861982,0.5086724459811194
codap:55430,0.8842454305392948,0.33825152052304475
codap:55456,0.883487228123613,0.35867650149452857
codap:55490,0.8862545175161358,0.3554449738085168
codap:55542,0.8723406185715703,0.3663599772062298
codap:55563,0.8746575089878661,0.3260801862202243
codap:55580,0.8645523102416064,0.32990190736859404
codap:55597,0.8670456795657628,0.3544038998632004
codap:55615,0.869910512515844,0.3577323654180873
codap:55674,0.8534064889229285,0.40282587396791314
codap:55684,0.8477638018612197,0.4320840124428287
codap:55707,0.8384986823587042,0.48619734816020355
codap:55790,0.8226855932407489,0.5137383322985443
codap:55837,0.8247996309939936,0.5306495216757412
codap:55860,0.8789516652459497,0.34723877462579367
codap:55874,0.8730038376550056,0.36345996273962555
codap:55888,0.8715277221513134,0.37147405295786484
codap:55898,0.8762786265745035,0.34392896810027196
codap:55915,0.8689361402730356,0.39066798760086385
codap:55945,0.8641909949533328,0.4037864178885684
codap:55967,0.8614590929200858,0.4119449480106141
codap:55977,0.8721976238775824,0.36376508003854724
codap:56013,0.8649221552564086,0.39660364080555155
codap:56040,0.8652304323875342,0.39393358033544246
codap:56066,0.8726440340651607,0.36072056674356645
codap:56078,0.8588428493894753,0.40801154721521016
codap:56094,0.8268830267631984,0.5384426034124772
codap:56236,0.859245324653557,0.39753798799551987
codap:56256,0.8551900675558954,0.39962699512830113
codap:56278,0.8542158584823483,0.4075695327971971
codap:56300,0.8454424077483509,0.4683155141865427
codap:56331,0.8506106060478942,0.4274603230796856
codap:56621,0.8668542576647269,0.3778631066329581
codap:56631,0.8791613053003857,0.3442070210385282
codap:56649,0.852755612971805,0.45908040977678866
codap:56679,0.8633130252756018,0.3759987370531235
codap:56700,0.8644247750610248,0.3841217730603148
codap:56710,0.8582145097075227,0.39045264168203175
codap:56729,0.8660022663132168,0.3687080839918053
codap:57138,0.8840896326942129,0.3229964962085887
codap:57150,0.8759514745884189,0.35189990773778845
codap:57178,0.8502674972501154,0.45645904529533254
codap:57197,0.8422349678019145,0.4883773630929227
codap:57214,0.8494155458790829,0.4573764673887126
codap:57253,0.8811064937183346,0.3535316223335485
codap:57278,0.8896662147021743,0.35246335038596044
codap:57318,0.9017846794340585,0.3193310279762045
codap:57340,0.8866418124600841,0.31232980114486963
codap:57361,0.8846034652951857,0.3098257604196988
codap:57410,0.8571486049345367,0.44263282865586007
codap:57447,0.8635433318697778,0.40881410018960196
codap:57571,0.8809989902895268,0.36445370534761423
codap:57581,0.8850792021582947,0.3382204679169263
codap:57592,0.8786179770449962,0.3690213730828873
codap:57608,0.8765183509449344,0.38802215901978343
codap:57626,0.867635087016879,0.41521731602279033
codap:57649,0.8603692931769729,0.4163501163679939
codap:57702,0.864081763409331,0.4089668847420853
codap:57716,0.8660225724220254,0.4026224426702356
codap:57742,0.8789741944597154,0.32288199114736926
codap:57767,0.8501181463529974,0.46473722885320967
codap:57793,0.8779658162279702,0.320483629807768
codap:57811,0.8755027392589909,0.3593801415102007
codap:57935,0.9021017509821831,0.31091101995889403
codap:57950,0.9023313353829963,0.3348371478041372
codap:57986,0.8892102736999732,0.35238893976043073
codap:58050,0.8999981637209657,0.33310988741754954
codap:58101,0.8966460047629425,0.38555452975879234
codap:58160,0.8903423852127617,0.3597706025748266
codap:58188,0.8868987027578896,0.37554449047866
codap:58231,0.9116117716182544,0.2955679062570198
codap:58282,0.914433336464981,0.2839616122614643
codap:58315,0.9331244956781575,0.1956837042641837
codap:58328,0.9332005641786054,0.20302182466707563
codap:58336,0.9142150327845684,0.30035537253093025
codap:58363,0.9277561603698814,0.2263966834511848
codap:58377,0.9494563542223204,0.14158999408073214
codap:58384,0.9447515529639077,0.15488838911960556
codap:58430,0.9133849807417391,0.30354759436613676
codap:58518,0.9003569119079202,0.33749987990950103
codap:58701,0.9039356700327517,0.31996836066832657
codap:58726,0.9012260406075256,0.34151724326306976
codap:58755,0.8939529870785918,0.36746277285169526
codap:58776,0.9120720000155416,0.28254499339936956
codap:58786,0.8985616673510322,0.35620475964469733
codap:58796,0.8926899245727782,0.389268206710085
codap:58805,0.8931465753485099,0.3819567119371641
codap:58817,0.9121156653741309,0.2057800847778708
codap:58833,0.8892491093602075,0.3078428984845232
codap:58851,0.8457406844702291,0.4441308435912106
codap:58862,0.8406298810680255,0.5006081600531616
codap:58877,0.8201096873815459,0.5164868560509603
codap:58901,0.8857045025326897,0.29856674735719935
codap:58924,0.8874756145582978,0.28890351606150944
codap:58951,0.8687118200573423,0.39131585447103134
codap:59006,0.858798049341658,0.39285359513337426
codap:59027,0.8730317025808745,0.3248720545411743
codap:59035,0.8660126868714997,0.3518472021569323
codap:59084,0.8650174177407735,0.34985426591515534
codap:59095,0.8464685528401787,0.42717884926992156
codap:59111,0.8478528831756194,0.41031600352835085
codap:59185,0.8369887802562062,0.4428346221616266
codap:59218,0.8377693345828447,0.4556618793640155
codap:59289,0.8704812117302936,0.34848258772944973
codap:59299,0.8736847693453456,0.33725493309157173
codap:59317,0.8738920623384274,0.33432528916591764
codap:59372,0.8795969910568147,0.3259090621888845
codap:59453,0.8953352936489409,0.2424523083650456
codap:59455,0.8726278104008998,0.3393332801572342
codap:59472,0.8700692611239447,0.3493684794566434
codap:59475,0.8740068250099284,0.3338257255877579
codap:59491,0.8763387973351655,0.3403221107605532
codap:59511,0.8939097375155143,0.24041307892093755
codap:59561,0.8508199074494769,0.4280611464748745
codap:59587,0.8570991672734181,0.3891042581237798
codap:59624,0.8475083884857213,0.4407582781607289
codap:59647,0.841230571053984,0.49303163957301877
codap:59657,0.8612145319839328,0.38914613502447537
codap:59677,0.8460936130559276,0.4944485519558839
codap:59699,0.8438699474440909,0.5077586173313193
codap:59720,0.8442605055181502,0.4956390495813139
codap:59744,0.8412364085320405,0.5093237740629775
codap:59939,0.872149066017073,0.3567440734675529
codap:59960,0.8541996456190191,0.45711884995921537
codap:59970,0.880562205819615,0.2881232437161998
codap:59989,0.8682863953683864,0.34348464393769973
codap:64605,0.8542450878139789,0.6797395677485838
codap:64724,0.8911937666471204,0.36750021709758585
codap:64729,0.8926838485369899,0.3645647801672567
codap:64733,0.891833371490975,0.3645359922938951
codap:64972,0.8652685193183061,0.533437250066072
codap:65050,0.9047259962353564,0.36972983271562043
codap:65054,0.8805450429499615,0.5260476895095962
codap:65058,0.8916052555207443,0.46908932688779714
codap:65062,0.8855784504787607,0.4575009433060586
codap:65063,0.8782467241073846,0.5175315720912295
codap:65069,0.8913585086208968,0.5298659881786989
codap:65074,0.8757220310858429,0.6829540643202563
codap:65079,0.9024695116836483,0.42691431323373763
codap:65080,0.9225910134828155,0.2801241563513486
codap:65088,0.8854276577526434,0.5370777486809857
codap:65090,0.8917294542868603,0.5009138795244326
codap:65093,0.896177107839776,0.4381097589671299
codap:65102,0.8909759933119403,0.4533319347312954
codap:65108,0.8777442532964415,0.5267963173259886
codap:65142,0.890252064919423,0.5345130701325616
codap:65145,0.8934811935450853,0.4991455823999331
codap:65146,0.898116298609466,0.44120105006641097
codap:65148,0.8957645944749402,0.46705761036878357
codap:65152,0.8841314015592161,0.5278676276300303
codap:65155,0.880435704811589,0.4592408871853877
codap:65159,0.8813101727710091,0.45187686054714504
codap:65183,0.8978402139427999,0.3653609986886295
codap:65187,0.9044686224574434,0.3194953104803062
codap:65191,0.8988405664413222,0.3562146609770025
codap:65195,0.9037698197539612,0.3350227757459834
codap:65200,0.8856393295168346,0.4970300376362502
codap:65219,0.913230240037592,0.290436865434458
codap:65223,0.9033830269850114,0.32821929627152713
codap:65227,0.9113473042789337,0.2851054444313377
codap:65231,0.9073493619071087,0.3026802396561834
codap:65233,0.9005842986916832,0.35400717139737026
codap:65237,0.9003059761425902,0.3551619272307107
codap:66973,0.8854035980125445,0.4610484905381327
codap:67035,0.8763895103770665,0.5218606504229228
codap:67314,0.8808093611523873,0.41718160735081256
codap:67320,0.8790471713350598,0.43112813535503847
codap:67490,0.9137768229124958,0.35338969093209016
codap:67558,0.9005367167046643,0.4412212894126242
codap:67564,0.9060379569591532,0.4031254144988452
codap:67575,0.9106039435141611,0.3407435141643873
codap:67661,0.9033625291199314,0.41386364033587597
codap:67713,0.8936984652932551,0.44145046033645485
codap:67792,0.89426601178684,0.39838145239764344
codap:69488,0.878439188606535,0.3251210712039665
codap:69506,0.8733277632352383,0.33200661508112717
codap:69514,0.8791266614857705,0.31188209282026946
codap:69528,0.8863432554592237,0.29441346496014376
codap:69537,0.8827176339757443,0.3135721356229624
codap:69549,0.8811906528658255,0.4079487138681088
codap:69577,0.8801628774481287,0.3357389219925153
codap:69585,0.8936909353974443,0.2926295803299581
codap:69593,0.8791591714800688,0.4067535368465087
codap:69598,0.8781875538288659,0.39927878757703184
codap:69635,0.8853841596901475,0.32305300379357504
codap:69647,0.88599870400094,0.3066265686720726
codap:69691,0.8770842715500748,0.35321188630109646
codap:70884,0.8912462478219823,0.5306028081940894
codap:70895,0.9132206393496745,0.33498450272600166
codap:72048,0.8642612861513044,0.3645235090875758
codap:72090,0.8792537755630292,0.31045133614611586
codap:72212,0.8803218527632453,0.32838075398785804
codap:72244,0.9160580140940056,0.24782387627851676
codap:72256,0.904093555407826,0.29083568098417345
codap:72280,0.8854050543138783,0.35389599449536036
codap:72306,0.9047625711075398,0.2809404729380276
codap:72776,0.872752812239014,0.3722277931469762
codap:72788,0.8781296234360525,0.31675122829551583
codap:72801,0.9264468032047262,0.1690914087262172
codap:72821,0.8792168009874786,0.3216127062983105
codap:72830,0.8645036693469592,0.42019146072698277
codap:72899,0.8704134517549846,0.35419385327531927
codap:72960,0.8689009367610652,0.3874001595468144
codap:72969,0.8675107275641949,0.4072600882302595
codap:73117,0.9096980656320284,0.24554802563170597
codap:73274,0.8879212341464608,0.31730866796920054
codap:77427,0.8429941259041698,0.41476838616836176
codap:77438,0.8508333880338341,0.3664154785642495
codap:77449,0.8318733895473542,0.4439352904946645
codap:77473,0.8109975491033765,0.5390761831295094
codap:77485,0.8144110456412363,0.5329054957346671
codap:77495,0.8670609761297783,0.3154253804900691
codap:77509,0.8113173363565238,0.5155375259530501
codap:77521,0.8099163610486357,0.5226457998378464
codap:77534,0.8621350050991623,0.37391104462585645
codap:77543,0.8814274895264589,0.27340921300719856
codap:77555,0.8410437723571249,0.4802366292840361
codap:77569,0.8110582509950746,0.5120407389042612
codap:77581,0.8438147471924822,0.46153222180601006
codap:77617,0.8220483130583034,0.632718984918256
codap:77628,0.8571484453275389,0.38983168535105506
codap:77654,0.8711501832815429,0.40242732981096196
codap:77676,0.8378572839765184,0.46410949036499005
codap:77688,0.8526920172068913,0.4142365662348766
codap:77700,0.8472249442938846,0.4250272584729373
codap:77712,0.8438473579442416,0.44080234436592036
codap:77723,0.8452266245963074,0.4828224129125829
codap:77771,0.86003536451949,0.31817649796903424
codap:77840,0.8444240969902239,0.4543370870542276
codap:77841,0.8427336460972583,0.45297296304897827
codap:77842,0.8437104129895943,0.4512876998749107
codap:77843,0.8369068992535631,0.47018640766850694
codap:77845,0.8312539298362935,0.5029013441546795
codap:77846,0.8143704414853801,0.5804079469512544
codap:77849,0.8178040137095195,0.5613698709266828
codap:77861,0.8197060923992012,0.5396446210504564
codap:77874,0.8465431820450249,0.41759677375762294
codap:77883,0.8612121412547822,0.34588940146841196
codap:77898,0.8581050743118794,0.3538030985812384
codap:77907,0.8532888574184199,0.37907389463225627
codap:77911,0.8604010001629376,0.34368553677654745
codap:77921,0.8030475796172141,0.5484578897612664
codap:77946,0.8242961338746682,0.5263654516982115
codap:77957,0.84812982837866,0.4235560223844459
codap:77968,0.8510636517371495,0.41071996827577095
codap:77973,0.8618154223916008,0.3617014846022357
codap:77983,0.8072448771808922,0.6159419012344642
codap:77995,0.8225765140507519,0.5492918189588636
codap:78007,0.8532377332301166,0.40940511738904206
codap:78018,0.8640891155466761,0.36872733089739995
codap:78031,0.8739361009390905,0.3414248821079582
codap:78043,0.8620249500888804,0.43706900849770136
codap:78055,0.872979098020096,0.3684583335618754
codap:78067,0.869725187531003,0.37960574763633304
codap:78079,0.8701994526747967,0.37968101714409386
codap:79418,0.8464910906072873,0.33955077599557626
codap:79424,0.8090752827545202,0.49093564532131495
codap:79431,0.8541893953372437,0.31295111104441276
codap:79438,0.8308787701644178,0.4218226209650311
codap:79439,0.827267754425975,0.4433687970847586
codap:79448,0.819709531856688,0.47240010290420287
codap:79459,0.8450924956507606,0.3683284125083901
codap:79460,0.8466242136871642,0.3602009344417638
codap:79472,0.8446702808287228,0.39323047203401984
codap:79473,0.8427792763764046,0.40422196601866744
codap:79481,0.8118079827502243,0.48495959202796257
codap:79482,0.8106172994225744,0.49254972891549187
codap:79493,0.805503306677565,0.6187519289235297
codap:79513,0.8462752051136704,0.4441662607782746
codap:79514,0.8457762454770545,0.4474333470034253
codap:79523,0.845974545727131,0.46945661362269675
codap:79524,0.8444832194188621,0.4798555442362158
codap:79534,0.8338404853966495,0.5344405006728721
codap:79546,0.8681688449630656,0.3526739494081994
codap:79560,0.8440319314581757,0.4801178117777454
codap:79568,0.8237252037811231,0.5245234460082884
codap:79577,0.847395559409506,0.4593439530649448
codap:79587,0.8506304990844455,0.4353599100425072
codap:79596,0.8544237919538773,0.425024766774186
codap:79605,0.850634865757911,0.4336245338320168
codap:79927,0.8881885864539072,0.30817692726736823
codap:79930,0.8891869762330771,0.30273311786481827
codap:79940,0.8794350640678203,0.37346961537650714
codap:79941,0.8778207090808792,0.3878205210169199
codap:79942,0.8871894859173608,0.3192791310209486
codap:79943,0.8791548222998244,0.37001975678936105
codap:79944,0.8853640004426779,0.3122180004256734
codap:79945,0.878562146020613,0.3609441717514983
codap:79946,0.8794316418509425,0.3681245539387419
codap:79949,0.8779321536810585,0.37760022800489423
codap:79961,0.8720841093627314,0.42305843670146714
codap:79971,0.8832139878343241,0.3286112201631113
codap:79972,0.8838877929704267,0.33729088573568333
codap:79975,0.8829225961221709,0.3430129722341917
codap:79985,0.8863784169407154,0.3122154127652266
codap:79986,0.8838862055501977,0.3108766488189758
codap:79987,0.8435401123317661,0.5896383381650594
codap:79988,0.8636919518601189,0.4424124064012176
codap:80001,0.8957960730758714,0.2646531555672027
codap:80002,0.8801121340768532,0.34362803085355154
codap:80005,0.8795471592036392,0.3469507374152272
codap:80016,0.8685996343583611,0.4561291152795093
codap:80019,0.8688594989505418,0.4542012021715891
codap:80029,0.8330830172426431,0.5936717098952613
codap:80032,0.8338021769254738,0.5877175676400839
codap:80042,0.8702249568893876,0.43699548205427163
codap:80043,0.8656563807148814,0.5079344543532898
codap:80046,0.8672352468420286,0.4951424157211477
codap:80056,0.8599297093733185,0.5271417819612907
codap:80057,0.8538941304022956,0.60177958895747
codap:80058,0.8642253926257126,0.5029942214102903
codap:80059,0.8318661887515191,0.644702287100472
codap:80072,0.8553738651160074,0.5379619444711352
codap:80075,0.8524000451664051,0.5630035188189595
codap:80085,0.8748838445303591,0.4367350037680353
codap:80088,0.8759898222845095,0.42865169310903184
codap:80098,0.87335341222024,0.44299525409633134
codap:80101,0.8750260120821167,0.430776474676577
codap:80111,0.8640362790949894,0.5298636450049798
codap:80112,0.8567217927261481,0.5591073969847002
codap:80115,0.8555196238328335,0.5695424527239084
codap:80125,0.8733894879640047,0.4249343460940054
codap:80126,0.8723576748836877,0.4322721778501091
codap:80138,0.8832013512862886,0.3911293393834967
codap:80151,0.893305065209006,0.3432580237729326
codap:80152,0.8936565608112232,0.3591040070866711
codap:80153,0.8948254210649793,0.35142045417114787
codap:80165,0.8735461304756882,0.42392013802555084
codap:80178,0.8683115748999626,0.4517094952402658
codap:80179,0.8809278464598265,0.3893695133310757
codap:80182,0.8799461576502381,0.3960035426655395
codap:80192,0.853270004107344,0.5718734563938597
codap:80193,0.8630929491039296,0.4692416778950701
codap:80194,0.8614747402689318,0.4665460269113737
codap:80195,0.8572042438058816,0.5074050516361694
codap:80208,0.8630429465292764,0.49896570170881205
codap:80211,0.8626749061866121,0.5019034646691125
codap:80221,0.8665735818822213,0.47322589415148286
codap:80222,0.860863963472184,0.5078962126367514
codap:80225,0.8615779423676031,0.5021957112892323
codap:80235,0.8593606347108107,0.501134194900942
codap:80238,0.8584394743381836,0.50838113398936
codap:80248,0.8599225593904976,0.5043734966602642
codap:80251,0.8572305564498492,0.5258319856040998
codap:80261,0.852976799543967,0.544351434987675
codap:80262,0.854006311222065,0.5803753029197196
codap:81409,0.7960677998198662,0.6179700411569229
codap:81487,0.7908623765310949,0.6074494032939128
codap:81516,0.7948374960487854,0.5789897119286707
codap:81545,0.7952291607307416,0.5750488722462705
codap:81562,0.7946794021186179,0.5719837742071832
codap:88448,0.8701289670163987,0.2576323255373154
codap:88449,0.8900761066227005,0.17894504151649926
codap:88450,0.9215862789385483,0.10823424867726317
codap:88451,0.9126263587536414,0.1315001564744307
codap:88452,0.8370123257957403,0.43854675925399533
codap:88453,0.8388491679027084,0.42869711711136915
codap:88455,0.8426008172207275,0.40699830773064605
codap:88457,0.8284077781147516,0.5033423032855353
codap:88460,0.8303231560357744,0.4858825706053267
codap:88462,0.8276083698274306,0.48223236713397455
codap:88463,0.8307311439882596,0.4531333271143012
codap:88464,0.8250190130340798,0.4795137257110582
codap:88473,0.8039488280203386,0.5689634087402737
codap:88484,0.8009055356724275,0.5573485944935328
codap:88485,0.8182211154912693,0.5077574578140229
codap:88489,0.8250226765712796,0.48124831421682757
codap:88493,0.8240256749738819,0.4984257171979607
codap:88496,0.82995915165111,0.47593340851358334
codap:88498,0.8299713610713297,0.4906037184919114
codap:88500,0.829203587609527,0.49568475109413157
codap:88503,0.8252589008870928,0.5269874311634339
codap:88505,0.8532693942047445,0.36405879353378623
codap:88506,0.8497503617277289,0.38426556311492277
codap:88507,0.8400154353491871,0.4322074793722095
codap:88508,0.8349231489644353,0.4674686552143612
codap:88510,0.8292598678581271,0.48678289691542886
codap:88512,0.8280215654390304,0.4977193967442872
codap:88513,0.8512015945889289,0.35706114020649693
codap:88514,0.8488705739387115,0.3696814539125626
codap:88515,0.8734090519433266,0.2527811724080493
codap:88516,0.863822950316262,0.2945089792310682
codap:88517,0.8808384307640154,0.22362328170356705
codap:88518,0.8529074642801788,0.34813155616757285
codap:88519,0.8469023839420515,0.38049853894835906
codap:88520,0.8538184069384442,0.3433335489166893
codap:88522,0.8344724815967766,0.45345398943732107
codap:88524,0.8363695920120335,0.4441291775779064
codap:88526,0.8764174973750869,0.23963855292322478
codap:88527,0.8223683833512041,0.5363773441390549
codap:88532,0.7921386391838041,0.8169994018380748
codap:88533,0.8198676863535184,0.5504703662086285
codap:88535,0.8100796852240819,0.6409778849015311
codap:88536,0.9348973204400863,0.06715496216611427
codap:88537,0.8852467963145045,0.1692511231970002
codap:88538,0.9716771947121288,0.03931884025837462
codap:88539,0.9637649289527417,0.04642858065653854
codap:88540,0.9831649775858295,0.0348785069306814
codap:88543,0.9701977566467122,0.0404068878281123
codap:88547,0.8108610307676827,0.46751402182326274
codap:88548,0.7986414790468643,0.5423173614547068
codap:88549,0.8003702155319843,0.528733444770296
codap:88550,0.8022167576798438,0.5179098777030049
codap:88552,0.8001308093544139,0.5324915051489825
codap:88554,0.8024403622457612,0.5194495462978921
codap:88556,0.8027780602913026,0.5207329304553241
codap:88558,0.8007495363226553,0.5352338272523411
codap:88560,0.7990821920368489,0.5440160276284587
codap:88562,0.8016568354585161,0.5241335821494886
codap:88563,0.8010559757362898,0.5281649863659368
codap:88565,0.8001635550515402,0.5410095358749913
codap:88567,0.7997701062456599,0.5343199294243277
codap:88568,0.7975673581117917,0.5494417295708445
codap:88569,0.7992046468311855,0.5415251730639739
codap:88572,0.8194578628640556,0.42067926688287116
codap:88573,0.7967125393274728,0.5563900461918365
codap:88575,0.7936418429806054,0.5759960081907138
codap:88576,0.795741693250875,0.5626674020402334
codap:88578,0.7991365226832841,0.5428302289706153
codap:88580,0.7999492914359507,0.5375259797265244
codap:88585,0.799803290515456,0.5446030335385785
codap:88587,0.7988258191269324,0.5521586724116787
codap:88590,0.7994315144951543,0.5465791233630171
codap:88594,0.8017096534354096,0.5385151748248518
codap:88598,0.8012052546660016,0.5398108858214528
codap:88602,0.7990939388114384,0.5301141773359177
codap:88607,0.7991827406053744,0.5241671689784653
codap:88616,0.7960080148286579,0.5440443626062006
codap:88626,0.79701343391298,0.5401549767859706
codap:88628,0.7994668089268089,0.5474989687206744
codap:88630,0.8010233947961751,0.544655913137376
codap:88632,0.800229830300168,0.544736386887962
codap:88634,0.8001826503491429,0.5410077780247775
codap:88636,0.8014279573008025,0.5317940794961942
codap:88638,0.79954155723226,0.5401244245108501
codap:88642,0.8003020389478479,0.5288477873202737
codap:88644,0.800694459907163,0.5284986148724329
codap:88646,0.7932122334059386,0.5698932270640853
codap:88648,0.7922784066445274,0.571722396067571
codap:88650,0.7968604172504001,0.5381357457076774
codap:88652,0.8055901350517161,0.5668727688416766
codap:88653,0.8287789943492498,0.3635216235616099
codap:88654,0.8115288771589348,0.4587540262150469
codap:88655,0.8130806205028875,0.4462667916927785
codap:88656,0.8023795080737273,0.5113569029142582
codap:88657,0.7974187998295292,0.5410044830948664
codap:88659,0.7900342596137762,0.5923130364869849
codap:88661,0.7948358643429856,0.5643398279380563
codap:88663,0.7933676587019818,0.576602801940453
codap:88664,0.7959603666797648,0.558583625173469
codap:88665,0.7987480857325409,0.5459769455289916
codap:88667,0.8001442485515327,0.5319639823967464
codap:88668,0.7963271134490242,0.5564573045492125
codap:88669,0.8006958593691706,0.5321136043194201
codap:88670,0.804224762737249,0.5129608260226632
codap:88671,0.8050830252584547,0.49728244820130385
codap:88672,0.8068584729580834,0.5305680100600512
codap:88673,0.8094428219512793,0.4775545213908572
codap:88674,0.8328760886574855,0.3596382837281453
codap:88675,0.8437171579655569,0.3071998314060238
codap:88676,0.8135742265521912,0.4554036667273067
codap:88677,0.8082925340970633,0.48210818977281633
codap:88678,0.8053531456978362,0.49378229499416193
codap:88680,0.8004051872417222,0.5216509341507845
codap:88681,0.7991136165503576,0.5302494818354262
codap:88683,0.794393461141226,0.5658439160620219
codap:88685,0.7973119955099719,0.549118001531042
codap:88687,0.798945675379855,0.5405374889694485
codap:88689,0.7988324806447054,0.5435064286889428
codap:88691,0.7990912874788592,0.5494655317552315
codap:88693,0.802674817599609,0.5320417406492197
codap:88695,0.799058007228723,0.5551533911614115
codap:88697,0.7994259150239031,0.5419326236490178
codap:88699,0.7974077630258307,0.5514720792607477
codap:88700,0.7987727861457188,0.5420668270269289
codap:88702,0.7953373679495144,0.5623750798426954
codap:88703,0.7917863239129019,0.5856928803161736
codap:88704,0.7930775413531137,0.578315432854879
codap:88705,0.7955076260120677,0.5587006182863661
codap:88706,0.7998615204505768,0.5397074696470554
codap:88707,0.8061071434096903,0.4974423796525116
codap:88708,0.8125742487052321,0.4679295917917443
codap:88709,0.8266865018883891,0.38740578490387634
codap:88710,0.8259826327009705,0.3911536353359679
codap:88711,0.8980003103561103,0.15009494753303443
codap:88712,0.9574528091536649,0.06233381261449722
codap:88713,0.9373357968759137,0.08941597986563465
codap:88714,0.9682265711855962,0.05092763858988292
codap:88716,0.9068560698301553,0.14806874630585298
codap:88717,0.8891692686602255,0.1855146952684663
codap:88718,0.9386167702916737,0.09044395735645594
codap:88721,0.829956721029248,0.40854703230706946
codap:88722,0.817973296377204,0.468332736548291
codap:88723,0.8159964156936894,0.47267702898579955
codap:88725,0.8162928914096028,0.4669702058549774
codap:88727,0.8131051036568806,0.4839659276447037
codap:88729,0.8133139651588408,0.48109772741509005
codap:88730,0.8126185623284528,0.48549719669381375
codap:88732,0.8113283225413852,0.4941129063988683
codap:88733,0.8153861807115845,0.47212535295989255
codap:88734,0.8150865039972359,0.47457621312332776
codap:88735,0.8140412849184031,0.4858165423263472
codap:88736,0.8178049372525038,0.4666608998409174
codap:88737,0.8183341125211427,0.47490196869102874
codap:88738,0.8240353314192816,0.44600394418603173
codap:88741,0.8202863086657999,0.45071450537625424
codap:88742,0.8182779005037446,0.4748218381125753
codap:88744,0.8188302882581411,0.46719150216608796
codap:88745,0.8183201740350796,0.46512657194216445
codap:88746,0.8167518099680819,0.4696541507962593
codap:88747,0.8151954131844832,0.4834097379373361
codap:88749,0.810580060158145,0.5039342595275684
codap:88751,0.8109949132408474,0.5018717594221016
codap:88754,0.8115017508987421,0.4978882989282738
codap:88755,0.8116917135741915,0.49691073097346816
codap:88758,0.8043004306016428,0.538700142282778
codap:88761,0.8021440881807393,0.5451738362833112
codap:88765,0.7974772875747931,0.5594131476414077
codap:88769,0.7964767287444374,0.558586276710912
codap:88775,0.7958805993930582,0.5669318979230411
codap:88795,0.7996665889249925,0.5394567449679926
codap:88796,0.7988038215592042,0.5508039234468924
codap:88797,0.8024665084901699,0.5373750049266164
codap:88798,0.8038047201300742,0.5387800989497009
codap:88799,0.8088853874664892,0.5115965744366804
codap:88800,0.8126509977089427,0.49122366604569834
codap:88801,0.8095890744903045,0.5107555497547764
codap:88802,0.8122501428642863,0.4918738844046402
codap:88804,0.8167369973150471,0.47153599628745724
codap:88805,0.8160699617485534,0.47893130785610083
codap:88806,0.8168292014345298,0.4807823164881029
codap:88807,0.8209869545933088,0.46260812124046424
codap:88808,0.8258658011818625,0.44198526682339434
codap:88809,0.8266012854842302,0.4453430630235289
codap:88810,0.8567031450418199,0.30194876128371106
codap:88811,0.8244423324019863,0.45855516837355026
codap:88812,0.8165062103794298,0.4936798173537227
codap:88813,0.8154367716026627,0.4950638037803401
codap:88815,0.8160335469867732,0.48721861445005743
codap:88817,0.8151370010618848,0.4837735699932182
codap:88819,0.8124569459480426,0.5005835701335855
codap:88821,0.8117899555754775,0.5053374050919501
codap:88823,0.8090913874405032,0.5223951074026445
codap:88824,0.8119848801509306,0.5017848317411335
codap:88825,0.8163036925218421,0.49024576841702583
codap:88826,0.820013885886965,0.4698877921593976
codap:88827,0.82325742980629,0.45917859996325205
codap:88828,0.8269280095130398,0.43554247835982096
codap:88829,0.8282278281760682,0.44431204821376014
codap:88830,0.8156482065060118,0.5044864775734368
codap:88831,0.8206692027001736,0.4689931056052501
codap:88832,0.8177372178729456,0.4832845535049728
codap:88833,0.8168821975689298,0.4837660727621369
codap:88834,0.8136495761987135,0.49903780459067093
codap:88835,0.8168780213502487,0.47620379588124706
codap:88836,0.8199720894554048,0.45506403636386494
codap:88837,0.8167190945948732,0.47477546939035165
codap:88838,0.8178573314269215,0.46544208406703547
codap:88839,0.8093977431410622,0.5136903697114121
codap:88840,0.8095398090758863,0.5147331447162742
codap:88842,0.8161542769812513,0.47596355912469335
codap:88844,0.8138873134071218,0.49296910901330193
codap:88846,0.8138025560970163,0.4948285308116738
codap:88848,0.8166938527274397,0.47707342640455863
codap:88850,0.8170162991682446,0.47793267860879496
codap:88852,0.8160658623135078,0.4876920297454035
codap:88854,0.8194584388479598,0.4696944978627471
codap:88855,0.818667766913677,0.4882341507895944
codap:88856,0.8221462894755405,0.47842124492171934
codap:88857,0.8311049031365201,0.4377027409393577
codap:88858,0.8313059110471386,0.43649862006873263
codap:88859,0.884767612516498,0.2670975803393958
codap:88860,0.8353539986226224,0.5153427346785975
codap:88861,0.8233963776160635,0.568441954526179
codap:88862,0.8438833187497039,0.4665053761175386
codap:88863,0.8361676383954091,0.508767675312356
codap:88864,0.8328384643193658,0.5250958903091032
codap:88865,0.8172137977435341,0.5923324744835554
codap:88866,0.8144210883465348,0.5936040936971949
codap:88867,0.8114028870772927,0.5982711508813736
codap:88868,0.8162228123846944,0.5897108044587185
codap:88869,0.8225494029654783,0.5797151641511391
codap:88870,0.8490440090195079,0.4275507778361316
codap:88872,0.8203043467572115,0.5845008788630821
codap:88873,0.8147379891727269,0.6039180915968245
codap:88874,0.8073981247848678,0.6426740902581969
codap:88875,0.8139851434571028,0.5895203109892009
codap:88876,0.8117646892960693,0.5863763719544295
codap:88877,0.8086170145518281,0.5997130890125391
codap:88879,0.8086918717983735,0.5937010296238441
codap:88882,0.806488479670179,0.6027392403102567
codap:88883,0.8057556828612178,0.6085178894711589
codap:88886,0.8080310978614307,0.5849785245495696
codap:88889,0.8009245798807569,0.595783227865013
codap:88893,0.7945481391225258,0.6079366229687366
codap:88901,0.801983170813628,0.5471187136056415
codap:88911,0.8165380291166002,0.5669893941319515
codap:88912,0.8154587969950171,0.5752152244078843
codap:88913,0.8202261451835966,0.5583582160472815
codap:88914,0.8281997417152525,0.5172654936513936
codap:88916,0.8216227053203511,0.5477050464212425
codap:88917,0.8236566159796439,0.5419317974615296
codap:88918,0.8315572645815337,0.5106858314043166
codap:88919,0.8749251840058605,0.29577331646669336
codap:88920,0.8323474577475736,0.5000602152615556
codap:88921,0.9082879310467433,0.16592021527503675
codap:88922,0.9341964409400134,0.1037929045655801
codap:88923,0.9478376683155147,0.08062610622118882
codap:88924,0.9568757707902478,0.06913738864977859
codap:88925,0.9592183829920486,0.06747415232757703
codap:88926,0.9687905595069424,0.05717655225203089
codap:88927,0.9717941590186001,0.05617192434920071
codap:88928,0.9782624819704324,0.050756176726054036
codap:88929,0.986691491162901,0.045231337253198944
codap:88930,0.8574103937432938,0.38446239966901885
codap:88931,0.8665013812551479,0.33943495821040415
codap:89045,0.895889186389013,0.36293254659267404
codap:89061,0.8557602471739756,0.43290605689594486
codap:89062,0.8419062288041914,0.5411363911018725
codap:89063,0.893525245093997,0.2576666399304486
codap:89069,0.881698155394588,0.28119742058720476
codap:89070,0.9173985940342391,0.14682930942535677
codap:89076,0.8551283516699186,0.42297122090462835
codap:89077,0.952037479651608,0.07707273359574174
codap:89078,0.9428668172458856,0.09774507588144843
codap:89089,0.9027476564187964,0.28515239116723023
codap:89091,0.8947220169477532,0.3495237089027796
codap:89096,0.8432870588842434,0.8553289330602638
codap:89097,0.8175268773411517,1.2387550573330373
codap:89102,0.8602740820906547,0.47892305297636995
codap:89113,0.8571341620827297,0.4145826467108691
codap:89118,0.8609677064364405,0.48307504453259753
codap:89126,0.8951125621561005,0.2937769329494131
codap:89127,0.8751309917638537,0.5020397190369295
codap:89128,0.8830566563228786,0.4415316652407455
codap:89129,0.8806548899144673,0.5055010961254993
codap:89137,0.8523977306565484,0.659960410580652
codap:89139,0.8584080508528587,0.5594355099135555
codap:89147,0.8687084721404972,0.40476223880409634
codap:89185,0.8436552151547403,0.4650439493120757
codap:89200,0.8847688976268273,0.45075893888338214
codap:89215,0.8704321713894387,0.35633073979965957
codap:89235,0.8775213204205556,0.5124710612642502
codap:89277,0.8599715044833829,0.4318566883659969
codap:89282,0.8871926881984109,0.3371742818367238
codap:104221,0.856197014143163,0.37830763231158926
codap:104222,0.8364549610791983,0.47916511829544106
codap:104223,0.8305182885051181,0.5102859172820899
codap:104224,0.8380598077151262,0.45102287955251086
codap:104225,0.8422962599192942,0.4213550776921693
codap:104226,0.8421383879526729,0.4187597242175798
codap:104227,0.8313379108913068,0.4764417697715544
codap:104228,0.8501551399390337,0.3798025737755779
codap:104229,0.8378653049358036,0.4617539243631654
codap:104230,0.8429531736387617,0.4382477914195988
codap:104231,0.8731621528186224,0.2819594384973243
codap:104232,0.8561335462832176,0.2449106972071604
codap:104233,0.811577077985703,0.4358321072384115
codap:104234,0.8101888855464949,0.4384763348718934
codap:104235,0.8130562419555645,0.4182434543963609
codap:104236,0.8173025456080723,0.394055760458059
codap:104237,0.8312437765869163,0.3340169410175804
codap:104238,0.8155638645498584,0.4051860965682863
codap:104239,0.8771078598979329,0.1755209468619796
codap:104240,0.8730166555860706,0.18838218960763697
codap:104241,0.8317708096092247,0.3432035932337385
codap:104242,0.8167052390303979,0.4048849653479465
codap:104243,0.8165992145884502,0.40251078054348
codap:104244,0.8382580827174024,0.299863253301055
codap:104245,0.8317641599778653,0.3333684029560118
codap:104312,0.8118961506938831,0.6141522729762983
codap:104314,0.813826955245986,0.6168907667697567
codap:104317,0.8133360435472241,0.571621250653152
codap:104320,0.812749707346029,0.5785002534767045
codap:104321,0.8163284518432192,0.5830147037409006
codap:104322,0.8261638613855666,0.5922905123854889
codap:104324,0.8263067321931885,0.5616337678334276
codap:104325,0.8130835987453793,0.6111484481089065
codap:104326,0.8277708089974567,0.5921795340702829
codap:104327,0.819210852855349,0.6658350476609485
codap:104328,0.7994218163912592,0.5098623159847193
codap:104329,0.8017016989460899,0.5021494550655916
codap:104331,0.7967693245971077,0.536632633963336
codap:104334,0.7894368051242964,0.5916605896852616
codap:104335,0.7986747433012624,0.5283625189192662
codap:104336,0.7984130841477963,0.5305433150638237
codap:104338,0.7985918021986436,0.5310919457895125
codap:104339,0.7988725382401753,0.5359231585725865
codap:104340,0.8019083176395725,0.5193970782925135
codap:104345,0.7991307586735275,0.5761341279549015
codap:104346,0.8048307209246559,0.5392263598394038
codap:104347,0.7973423411672229,0.5884265126273931
codap:104348,0.7988644244787793,0.5546893462474145
codap:104349,0.7975046577371359,0.5636842715152852
codap:104350,0.7985083905077772,0.5881767553564714
codap:104363,0.7958449668867615,0.6199092761289648
codap:104364,0.7947224174829444,0.6021136189453955
codap:104365,0.7956644703033362,0.5954830119703729
codap:104368,0.794341608337163,0.6143658275552752
codap:104369,0.7936912350910461,0.6194112719053919
codap:104370,0.7952205478941323,0.6213959907822755
codap:104371,0.7934483343985903,0.6353656838250572
codap:104372,0.7990007634812173,0.56884875135529
codap:104373,0.7978892083742721,0.5752480707749328
codap:104376,0.7971504475463007,0.6456551574651712
codap:104377,0.7976964452195716,0.6412041285370833
codap:104378,0.7994025326843257,0.5901331616987591
codap:104379,0.7984809864919953,0.5968177811651003
codap:104380,0.7968302207295892,0.6019365282477338
codap:106312,0.796084070746474,0.5868402644543949
codap:106313,0.7953939748479115,0.5984259067452058
codap:106314,0.7952233835180778,0.5996937753645852
codap:106315,0.8547872732792712,0.3166569708891984
codap:106316,0.7952445053283554,0.5989182871801404
codap:106317,0.8002455160133195,0.5713213658864333
codap:106318,0.8003792189776959,0.5676656430944149
codap:106320,0.8135384170345787,0.5480687272129217
codap:106321,0.9015443612884155,0.17944908489107547
codap:106322,0.8815275871443191,0.25697306042229684
codap:106323,0.797969730029763,0.7402047886175751
codap:106325,0.8098516408608702,0.5085754035383161
codap:106326,0.8294885218640502,0.4411922528558989
codap:106327,0.8079299614491902,0.6141016979199776
codap:106328,0.8086337675713366,0.5261975396279013
codap:106444,0.8665497761894585,0.3722785213303723
codap:106445,0.8587839674310089,0.40815269888480543
codap:106446,0.8570923218376265,0.419365732955157
codap:106447,0.8298048259034658,0.5432668770481541
codap:106448,0.8397985603432971,0.485378511309591
codap:106450,0.8529481871310054,0.44134521040632535
codap:106451,0.7977584891666538,0.5595711975486211
codap:106452,0.797745916573831,0.5652935927475937
codap:106454,0.799121151493182,0.5501066917499884
codap:106455,0.8039405509716744,0.5725208415506131
codap:106456,0.8103283948771605,0.5486641039615279
codap:106457,0.7981063296001594,0.5640611538046869
codap:106459,0.8009062778003226,0.5450414159395223
codap:106462,0.7970332676243288,0.5856594253841649
codap:106463,0.803612897999983,0.5488476123484816
codap:106465,0.8224443532844816,0.4955794510838132
codap:106467,0.8035170400692095,0.5593410184415006
codap:106471,0.8057423181176091,0.6401248497929828
codap:106474,0.8297145572150839,0.5136030461985683
codap:106475,0.8051659048999227,0.6875368608832559
codap:106476,0.8093913556938332,0.6437961979218016
codap:106477,0.8042932125322295,0.6649045393885444
codap:106478,0.8093566146817466,0.6219637476995103
codap:106482,0.8083366514993031,0.5622826427575092
codap:106484,0.8065877487938451,0.5593153402755888
codap:106486,0.8086061713042909,0.5585022032241795
codap:106488,0.8147516353292303,0.5377263244754431
codap:106490,0.8216999757132726,0.5073288062271786
codap:106492,0.8428020799688056,0.42000407632303904
codap:106496,0.8064091206556441,0.5441885387617731
codap:106498,0.8004058218552927,0.6013178173834604
codap:106500,0.8432594698347202,0.46351307415079646
codap:106501,0.8236803786348901,0.5178487545686039
codap:106502,0.8215483880780994,0.5331578633908975
codap:106503,0.8583072798128342,0.3466602354169481
codap:106504,0.8366987314675498,0.45223174870170624
codap:106505,0.8209319984666763,0.5466428277450177
codap:106506,0.814803359659436,0.5674758441132326
codap:106507,0.8242409572517317,0.4870924831047887
codap:106509,0.8197749887626742,0.4938781124133129
codap:106549,0.793406448162159,0.502376974471872
codap:106550,0.7962638474139112,0.4946588273296584
codap:106551,0.7884710428706967,0.5326225303133469
codap:106552,0.7927591664081319,0.50674117847052
codap:106554,0.80126148559998,0.4676523571783946
codap:106558,0.7977072500364102,0.49224363786311187
codap:106560,0.8046149116253218,0.4446453155489962
codap:106561,0.8084517044146651,0.424057044944675
codap:106564,0.8185821369615951,0.3778863878883385
codap:106566,0.8304690300806215,0.3226928478661648
codap:106567,0.7959672859958573,0.5100930667576904
codap:106569,0.8084042160289755,0.4291589056711018
codap:106571,0.8087094812995019,0.429109246600774
codap:106573,0.8150108648308105,0.3981700162096331
codap:106575,0.8186579287244058,0.38435240651097047
codap:106577,0.8248388239676387,0.3684945409981992
codap:106578,0.8069688770256107,0.4410764785216088
codap:106582,0.8035496770794452,0.45878683703813294
codap:106584,0.8005025114725868,0.47627728234192546
codap:106586,0.7976449898524152,0.4914767880125055
codap:106591,0.7990605357319964,0.4843940907937849
codap:106593,0.8055240613825845,0.45321479673339127
codap:106595,0.8082794715103319,0.4413448904174402
codap:106597,0.8073939028231507,0.44713253123063623
codap:106599,0.7978178944774754,0.49238309888755794
codap:106601,0.8265206971473162,0.3585417211197637
codap:106602,0.8722902913564212,0.19875339770624123
codap:106603,0.8079581015301756,0.43103818842837427
codap:106604,0.8462089639103851,0.2591271588141808
codap:106605,0.822299486729662,0.37359450876374467
codap:106606,0.8317627029821324,0.31370665591180114
codap:106607,0.8423459968571478,0.27351335342154925
codap:106608,0.8471469927521866,0.26141736428371587
codap:106609,0.8298196331793406,0.3269833252593344
codap:106610,0.8173229390877168,0.3774908604116263
codap:106612,0.7976073010001983,0.48044389547999344
codap:106613,0.8016208616863878,0.44662883168780354
codap:106615,0.7388480879958479,0.9701519983777871
codap:106616,0.7713312162170496,0.6580822224127587
codap:106909,0.806783725747664,0.5241760899066321
codap:106910,0.8035647967458317,0.5258113649751976
codap:106912,0.8025218676393706,0.5193023209030798
codap:106913,0.8035897894537811,0.5113234176837977
codap:106914,0.789316452897765,0.5926358183098728
codap:106915,0.7783245170064674,0.6473418759342167
codap:106916,0.7721239616389539,0.7189363767049599
codap:106917,0.7588380316078656,0.8100876041739866
codap:106918,0.8066959193811272,0.5081215803679697
codap:106920,0.8064432400856276,0.5047435405526812
codap:106922,0.8098446225408225,0.48234759871093047
codap:106923,0.8052248801118367,0.5205406430204675
codap:106927,0.810539494427303,0.4916175148282491
codap:106929,0.8083955842635078,0.4893599569431899
codap:106930,0.8029398870435216,0.5178404850576044
codap:106931,0.7922853970558208,0.6004532231272606
codap:106932,0.8101648819470029,0.48540049303528576
codap:106936,0.8005583963663412,0.5432859866045874
codap:106938,0.8070773783915683,0.4956203136816839
codap:106939,0.8137546437292258,0.46209462140859614
codap:106940,0.8069001842400212,0.5094233372537929
codap:106941,0.801970382966374,0.5454649103285192
codap:106942,0.7986031824557358,0.5709794747604064
codap:106943,0.8037975658039613,0.5344688891686928
codap:106947,0.8055437694565626,0.521695849032767
codap:106951,0.8014411965505133,0.5363320369519897
codap:106952,0.8051011919856137,0.5079226760017264
codap:106953,0.7999534687633059,0.5461292447225787
codap:106954,0.8116641438773513,0.47405592963650633
codap:106958,0.8143115272478099,0.4795595215709909
codap:106960,0.8112237283121431,0.49731586958159824
codap:106962,0.7936264861928066,0.5905516333432388
codap:106963,0.7934154182394195,0.5927204872750735
codap:106964,0.81297452384797,0.47955397830219226
codap:106966,0.8181946330014398,0.4507285429599506
codap:106968,0.8138099027860335,0.4610374672670332
codap:106970,0.7995580767274078,0.5203093389945934
codap:106971,0.7668760234676029,0.7911811956475958
codap:106972,0.8279724291469392,0.3839628081959745
codap:106973,0.8370744779113011,0.32489851968148287
codap:106974,0.8332387324589945,0.3551419273735519
codap:106975,0.8366542588100856,0.34145300935233536
codap:106976,0.8467875142760022,0.2979339311673357
codap:106978,0.8221074397620214,0.3964640216609041
codap:106979,0.8042000403893326,0.5032887210986701
codap:106980,0.8027304626953082,0.519652842960113
codap:106981,0.7888224686807916,0.6140440734720869
codap:106982,0.8021019324569352,0.5023041786207614
codap:106983,0.7770612037397768,0.6227933505174406
codap:106984,0.7345690742467923,1.0680823291647812
codap:106985,0.7496639881496776,0.882629333542809
codap:107065,0.8095406684424233,0.4662681919830902
codap:107066,0.8063089785759985,0.4852686985495893
codap:107067,0.8068911060822757,0.48301811397141137
codap:107068,0.795206927197114,0.5516877272207239
codap:107069,0.8000018351669951,0.5139744701280051
codap:107070,0.8060936488213883,0.4831160912287942
codap:107071,0.8043107586270253,0.4907660012224824
codap:107072,0.8060693252598412,0.5004842314426696
codap:107073,0.8014604191707804,0.522415242889565
codap:107074,0.8204225420122384,0.40425005494671495
codap:107075,0.8066665850146819,0.4813456996575951
codap:107077,0.805794947096274,0.4896001068491387
codap:107079,0.8041224857402085,0.4931612741891058
codap:107080,0.8151010128115104,0.41725026364042606
codap:107081,0.8211234326522572,0.38538488151743877
codap:107083,0.8033421982684104,0.4791543169033048
codap:107085,0.8129860742674282,0.4231714023239874
codap:107087,0.8086556370944891,0.45416834348679913
codap:107089,0.8024286041127198,0.49566671187449174
codap:107091,0.8021725439857619,0.5037744673536508
codap:107093,0.805062206229195,0.49131268514747717
codap:107095,0.8100701272483093,0.4713182561185931
codap:107096,0.8401742736969027,0.3333473857105673
codap:107097,0.8662393403292299,0.1966947292248733
codap:107098,0.8538377523700547,0.25604133894603365
codap:107099,0.8455433020158125,0.2834352525051145
codap:107100,0.8003527777373165,0.5012661955875046
codap:107102,0.7909645772406293,0.5601177100882069
codap:107104,0.7996378107816327,0.5173551113159647
codap:107106,0.8348698693889673,0.3948088964384624
codap:107109,0.8560948200993153,0.26153451678055717
codap:107110,0.7556113918124083,0.8932012133122953
codap:107111,0.7890604305086981,0.5899432389417143
codap:107113,0.7967295811672557,0.5380935084631346
codap:107115,0.7953487219092494,0.5496956416354806
codap:107119,0.8251905627610086,0.4016859705798197
codap:107120,0.7960116892438691,0.5432700151632162
codap:107122,0.7911152185010906,0.5880901355724291
codap:107125,0.7903722720684527,0.5767375861553319
codap:107126,0.8242707558265465,0.40979102388791944
codap:107127,0.8130188156617351,0.445849483761549
codap:107128,0.8259965797146833,0.3884827623037381
codap:107129,0.8286784341298699,0.37796367976443435
codap:107131,0.8107661659505538,0.4686291716816413
codap:107132,0.8104641315417211,0.461996078822267
codap:107133,0.8150076738033931,0.4216295619980883
codap:107134,0.8095903081821234,0.44547293865298343
codap:107135,0.7942878742976518,0.5396540962485687
codap:107136,0.7968769028968836,0.5204751899138955
codap:107138,0.7971598552733212,0.5205050403112637
codap:107806,0.7731926306028072,0.7775655711466243
codap:107807,0.7917402712098465,0.6205086250702152
codap:107808,0.7671221166679061,0.9297265670036268
codap:107809,0.7670358857942574,0.8151729780363439
codap:107810,0.7761628414732513,0.7293197527208122
codap:107815,0.7818386085905331,0.6725663295032973
codap:107820,0.7852712966405306,0.6705030989935494
codap:107821,0.776346703356694,0.7479662448090494
codap:107826,0.7683483081157192,0.8973285280130767
codap:107835,0.7713283412963392,0.9354189381645028
codap:107836,0.8969983133729329,0.1569875327486443
codap:107838,0.7871982680173915,0.7797055212085979
codap:107843,0.8195255332614124,0.5094433850961195
codap:107848,0.8496361498132501,0.3333897854740826
codap:107849,0.8071339281073051,0.577692483544979
codap:107852,0.8059127340934538,0.591226840898571
codap:107856,0.7934172959096486,0.68878503338874
codap:107857,0.7937343268758923,0.6716796160842478
codap:107860,0.7937966937993224,0.684985583808384
codap:107864,0.7813345717063385,0.7382787809474394
codap:107865,0.7765323825278756,0.7764544081626354
codap:107870,0.7723086109390351,0.8681721866553289
codap:107872,0.7794193576314683,0.7856056069988426
codap:107876,0.7897555957943041,0.6849577755072005
codap:107878,0.7800010625510367,0.773170993652684
codap:107880,0.7820606874245186,0.7570859944510175
codap:107882,0.7826153114240242,0.6993675034830176
codap:107883,0.7832723442625138,0.6955367592674975
codap:107885,0.7878591607657199,0.6560600862790125
codap:107888,0.7891255821984942,0.6477557667628844
codap:107891,0.7903794660287531,0.633408306121737
codap:107895,0.786308560072257,0.661966599136349
codap:107898,0.7787797130408762,0.7231686716584136
codap:107900,0.780428877189479,0.709588447837632
codap:107902,0.7886142607360398,0.6472723704753207
codap:107903,0.7845530351380603,0.678143834445109
codap:107910,0.8113989335961378,0.609088847013254
codap:107911,0.7958346655441346,0.7379792477865976
codap:107912,0.7935247353293562,0.7014876523717248
codap:107914,0.7865006647871269,0.6993717945169919
codap:107916,0.7805320704765109,0.7104486735465798
codap:107918,0.7797766203264018,0.7153550327236644
codap:107920,0.7854231625681223,0.6662374855281996
codap:107922,0.7736719310580611,0.7092798078174383
codap:107925,0.7723162960051013,0.7211269540132434
codap:107927,0.7728224354439135,0.7164371112914978
codap:107929,0.7779902241131822,0.6746021429100892
codap:107931,0.7858866420046979,0.629149498555762
codap:107933,0.7717298613947605,0.8786498484400909
codap:107934,0.8352401631525481,0.6682191008651444
codap:107938,0.7746312961116928,0.8589979846808546
codap:107940,0.7767809412978295,0.8344335335809774
codap:107942,0.7746018169254967,0.8537243780945118
codap:107944,0.7831082822788176,0.7678060742402977
codap:107946,0.773221147420827,0.8682253341000887
codap:107947,0.785299958046835,0.773247867091186
codap:107949,0.7934508298003493,0.7342234442655808
codap:107950,0.7914579572677667,0.73756435163682
codap:107951,0.7929540974982956,0.752767368415789
codap:107952,0.7941674483763563,0.7410315439053647
codap:107953,0.8212845113625917,0.5242958621731759
codap:107954,0.7846671996308032,0.7714083277487589
codap:107955,0.7849474447734792,0.7696755717990982
codap:107956,0.779277211983981,0.8132440847925864
codap:107957,0.8220895798633592,0.5376644794503136
codap:107966,0.7331006284521209,1.6417047778354572
codap:107967,0.7737096720136378,0.9582642019524883
codap:107968,0.7704439088493018,0.89976978818936
codap:107969,0.8040928579591764,0.5823814453169689
codap:107970,0.7962800704674464,0.6130045207746662
codap:107971,0.8028741524126417,0.5783855455445064
codap:107972,0.7992313937572817,0.574862996676984
codap:107973,0.7885160148691739,0.6541303728865842
codap:107974,0.7957177589103139,0.5963780330919235
codap:107976,0.7792712678296994,0.6811027502296838
codap:107979,0.7814524421082751,0.6616856585908408
codap:107981,0.7847361924896177,0.6333430842114467
codap:107983,0.7779834878022029,0.68590274328335
codap:107984,0.7789565717280311,0.6777487748042859
codap:107985,0.7531964764580152,0.9237984635446992
codap:107986,0.8009361529691432,0.5334960239381417
codap:107987,0.7844973146836764,0.6907830233283221
codap:107988,0.8172045616836385,0.5025427849070638
codap:107989,0.8005452463855818,0.6038094186126273
codap:107990,0.7962928819981698,0.6357501149202562
codap:107991,0.7866820823762737,0.7523486825386954
codap:107992,0.7740981170024952,0.7758171357136234
codap:107993,0.78442310760488,0.8001742738063058
codap:107994,0.7837630730227829,0.7929986257393011
codap:107995,0.7666919637831597,0.9540768093324914
codap:107996,0.7830865388041275,0.7962529903961695
codap:113220,0.8810929337105335,0.6349722886291147
codap:113289,0.8639240688396512,0.9069764991875218
codap:115754,0.8813277621966336,0.6662976523311954
codap:116290,0.8642702338377148,0.8726815155166605
codap:116326,0.8982162682709713,0.47943772897497183
codap:116362,0.8496386771805646,0.9493104944731385
codap:116377,0.8419437536056193,1.1438386721470124
codap:116442,0.8997602822691988,0.4739313011405102
codap:116482,0.8468162570841287,0.9537726136315996
codap:116807,0.8686749668045195,0.7488034466848603
codap:116808,0.8816861034079011,0.6001101198501146
codap:116826,0.8766243341494828,0.6743320050754846
codap:116827,0.8797823234858697,0.641398502545826
codap:118603,0.8855736884804628,0.5310758103196349
codap:118652,0.8660027749708661,0.6815688265660356
codap:118701,0.8899336669892364,0.4257932227542369
codap:118702,0.8745398356222722,0.5572904005289274
codap:118745,0.8886804043258962,0.43847266674583807
codap:118749,0.8976794478603551,0.38495845270199425
codap:118880,0.8465338629844155,0.7977656790146739
codap:118902,0.8213462294088458,1.001259908922293
codap:120523,0.8834795376308193,0.578493449477719
codap:121060,0.8754681748409894,0.5325831030982044
codap:121080,0.8299311928190036,0.9699008328088894
codap:121100,0.8856963044422628,0.46399165998263925
codap:121107,0.8838095889786928,0.4738413395198222
codap:121113,0.8875539277651114,0.44800796918070773
codap:121114,0.8848601031968428,0.4699997941766014
codap:121119,0.8931740308930785,0.4011212799991881
codap:121120,0.8825581141927614,0.485283611495106
codap:121127,0.8894304352875224,0.4322674753279898
codap:121137,0.8845149173739628,0.4685489034350212
codap:121145,0.8778601430176423,0.5251749700828441
codap:121155,0.8766490454995619,0.5268738671629762
codap:121168,0.8879219033287882,0.49254015622864245
codap:121186,0.8909482476260564,0.4948969017118543
codap:121200,0.8969320854916987,0.4425127708475429
codap:121215,0.9057657056664539,0.37917050677651787
codap:121245,0.8897611918878283,0.5475105266250466
codap:121254,0.8933178557726933,0.5120972168840581
codap:121263,0.8987451263465118,0.4486853290441104
codap:121274,0.8917350445665306,0.5080812384615001
codap:121309,0.8856855119447573,0.5906334901048922
codap:121321,0.888581174829369,0.5324680738654024
codap:121332,0.8835594507165752,0.5576777833732649
codap:121367,0.8909268700538178,0.511165593721671
codap:121383,0.8955341275379851,0.4661537867889365
codap:121418,0.8919971783798246,0.48719778480835885
codap:121431,0.8881473551866748,0.514941319879199
codap:121457,0.8884827545280132,0.4852494283422857
codap:121465,0.8856721175852726,0.4816200308041516
codap:121478,0.8738717999854089,0.590110151398676
codap:121503,0.8764233723188681,0.5610964339327893
codap:121522,0.8953489931163858,0.45933188557319227
codap:121527,0.8934391349509951,0.4540493152271665
codap:121539,0.8938730026245594,0.43279373637369645
codap:121546,0.8817745073638434,0.5080544154643576
codap:121568,0.8683003254950563,0.6086486516653622
codap:121578,0.874361435438459,0.5540312327998436
codap:121610,0.8779828405172339,0.509015516121508
codap:121633,0.8779537611426349,0.49918223687200225
codap:121675,0.8796109684599287,0.5122145430464116
codap:121685,0.8825098746769982,0.5156339932698302
codap:121702,0.8836797988333274,0.5202863024210274
codap:121712,0.8804436182736026,0.5395088279735774
codap:121716,0.8821062053168589,0.5377333033009108
codap:122172,0.8836934110863695,0.3697227522807225
codap:122182,0.829884384279012,0.8676665169716671
codap:122190,0.8198574356654262,1.0475391200275226
codap:122199,0.8252267518241752,1.0905333540365518
codap:122208,0.8271860498223305,1.009537263480297
codap:123294,0.8630778785643543,0.5077595140701305
codap:123305,0.9246809892704277,0.18010290118877492
codap:123329,0.8308316944810485,0.7764562572933755
codap:123341,0.8399556364634009,0.675665947183461
codap:123352,0.8425954031051788,0.64093984670194
codap:123364,0.8384392492494044,0.6589632130605878
codap:123376,0.8291252623348555,0.7561267595958725
codap:123400,0.8284134010477828,0.7653203677780311
codap:123412,0.8424385695379897,0.6484173638827997
codap:123413,0.8565382645540467,0.5261343284992108
codap:123424,0.8394230549342865,0.6687536144052046
codap:123436,0.84819783610169,0.5738311739519304
codap:123448,0.8403653818625116,0.6434087246054787
codap:123460,0.8453496562187865,0.5932723243897726
codap:123472,0.8439355882474047,0.6020933948220772
codap:123490,0.8297594722512258,0.7386512282132571
codap:123496,0.8486480076112457,0.5699739388635408
codap:123508,0.8285834102000535,0.7632624781565482
codap:123520,0.8553648280728794,0.5086610064581691
codap:123532,0.8373588797524008,0.6684297663596226
codap:123544,0.850980572874505,0.545933324858197
codap:123556,0.8551530390654989,0.5142621798013352
codap:123568,0.8608546232078425,0.5419378956428318
codap:123569,0.958041748835285,0.07697766977048559
codap:123580,0.8552239073731016,0.5876861215238023
codap:123592,0.8670995100644632,0.46958823627528545
codap:123593,0.879735191680993,0.37715022019187927
codap:123605,0.8685774998755278,0.46049557802734853
codap:123628,0.8444240974665718,0.6819585102853125
codap:123629,0.9666313310819987,0.06393272426589647
codap:123652,0.8584012590486054,0.5613729305543984
codap:123664,0.8829453009525423,0.381597421963761
codap:123676,0.8807744489770357,0.42549790339057836
codap:123688,0.8752380139719662,0.4451421704045515
codap:123700,0.8870305883408491,0.3693618047277596
codap:123730,0.9104683909085907,0.32567098244658155
codap:123754,0.9126356710248729,0.3048915541603492
codap:123789,0.9036540263439292,0.36459493980373736
codap:123823,0.9085756099218543,0.3274730953744438
codap:123850,0.9112667820602383,0.3091996021855721
codap:123884,0.9042170034731498,0.35311387117599224
codap:123916,0.900534281840919,0.38337103119920357
codap:123949,0.9017456157598644,0.374788892714605
codap:125221,0.8584113775707465,0.5828366022005866
codap:125454,0.8426708398726532,0.7241444170667819
codap:125462,0.8388269047434278,0.7669186702762545
codap:125468,0.8470515270662418,0.696930959925794
codap:125484,0.830573361254892,0.8773745913092625
codap:125497,0.8734845818896702,0.46506219123853043
codap:125501,0.8352726300438462,0.790592422857344
codap:125507,0.913208175744785,0.26127681224761545
codap:125513,0.8995872172326926,0.3401013660281933
codap:125519,0.919290249162259,0.2590358869397278
codap:125525,0.8762990893151255,0.5230373912531832
codap:125531,0.9159363283974926,0.25734024674648026
codap:125537,0.872068498345925,0.470990696659328
codap:127525,0.8850869349917048,0.42783898607262927
codap:127828,0.8708234632799758,0.5365298044282554
codap:127834,0.8709444677190277,0.5178192523335383
codap:127850,0.8747693938578323,0.518960793907354
codap:127874,0.8753360571740814,0.5214479222936461
codap:150712,0.855908139736357,0.7558547006544813
codap:150736,0.9106152146193836,0.2566872191866878
codap:150748,0.8868800187433408,0.4068263656902218
codap:150760,0.8830229480845446,0.43231693322127285
codap:150772,0.8667423504953149,0.563935571687125
codap:150784,0.9064653327814085,0.2747738168968681
codap:150808,0.8882307316439437,0.3893839418178686
codap:150856,0.8478402545765675,0.7641444250014047
codap:150880,0.8825523264672483,0.4528450047894239
codap:150928,0.8954642530386536,0.3413157032782692
codap:150952,0.8753708967533385,0.49955698168832896
codap:150976,0.8206849140440227,1.2041585174961256
codap:151000,0.8010369480930422,1.4602896290689387
codap:151072,0.8331093123231312,0.9632598924793001
codap:151084,0.8374222936895421,0.9258051788253852
codap:151096,0.835507530832956,0.9657247506856947
codap:151108,0.8192282828570114,1.1835871665521154
codap:151151,0.8907593372709925,0.37318828328284326
codap:151163,0.8849506231090345,0.39433262415423087
codap:151175,0.8775833152863015,0.42295644579371583
codap:151176,0.8775833152863015,0.42295644579371583
codap:151186,0.8724257641065378,0.4446603723456519
codap:151187,0.8724257641065378,0.4446603723456519
codap:151200,0.8630642562604862,0.5179069587431968
codap:151201,0.8630642562604862,0.5179069587431968
codap:151214,0.8786450186271395,0.3907937016724645
codap:151215,0.8786450186271395,0.3907937016724645
codap:151227,0.8750953823459895,0.41212973426740973
codap:151240,0.8636863716033076,0.49350282540422086
codap:151241,0.8636863716033076,0.49350282540422086
codap:151252,0.8645621738264708,0.49415874565306694
codap:151253,0.8645621738264708,0.49415874565306694
codap:151266,0.856631314323522,0.555074499123748
codap:151267,0.856631314323522,0.555074499123748
codap:151289,0.8589501685619325,0.5355028756205229
codap:151290,0.8589501685619325,0.5355028756205229
codap:151303,0.8567237281408779,0.5537766511915834
codap:151304,0.8567237281408779,0.5537766511915834
codap:151316,0.8648059816098339,0.49145303232830884
codap:151327,0.8456730797081491,0.6513975265299905
codap:151336,0.8774617317053526,0.43767493378345534
codap:151406,0.8898021925210742,0.38528151140803857
codap:151417,0.8718693895530123,0.4679597740309873
codap:151427,0.8581212811177465,0.5684579547516933
codap:151438,0.8605850951707907,0.5295350472538303
codap:151449,0.8577170473183742,0.5525246906718166
codap:151461,0.8615101341188165,0.515817694883026
codap:151473,0.853274272196586,0.5845467683609513
codap:151480,0.8542665575255342,0.5809019375706157
codap:151492,0.8631319818518932,0.5070674319390491
codap:151498,0.8682242005015723,0.46781639162441024
codap:151508,0.8626216761563228,0.5113838890404168
codap:151514,0.8624870326357268,0.5033755499800918
codap:151531,0.8542350634943432,0.5745897111050908
codap:151540,0.8563339702684516,0.5497022962599658
codap:151550,0.8554434568029592,0.5512333709446011
codap:151562,0.8579293952382159,0.5285358677353997
codap:151570,0.8551530147308313,0.5468240522416181
codap:151578,0.8531367578593745,0.559564172065393
codap:151590,0.8449654605622072,0.6347850090123757
codap:151602,0.8491797746903558,0.5971551216402986
codap:151622,0.8970336882794072,0.3527977072824342
codap:151633,0.842340551806501,0.8592096288584798
codap:151645,0.8572913713496746,0.6855395878706076
codap:151654,0.8868407019442657,0.4241298790877863
codap:151666,0.876679196133864,0.49810618765536674
codap:151699,0.8581610921905849,0.6628060905127313
codap:151710,0.8706093516716464,0.5386820798905774
codap:151720,0.8548313396674985,0.6914471937379858
codap:151730,0.8927911314597168,0.3718828860546637
codap:151742,0.8906341045137651,0.38453067337604807
codap:151753,0.8993710572594864,0.3247573977355387
codap:151764,0.8873098296385251,0.40857678024008237
codap:151776,0.8963364367239137,0.3475709488081975
codap:151787,0.8658932241680759,0.6163098704046206
codap:151798,0.8437027766149185,0.8599042694070249
codap:151810,0.8320324344294932,0.9899070146263966
codap:151822,0.8489625996571704,0.7733203384539138
codap:151833,0.8703240675147299,0.4904856711893899
codap:151844,0.8851326107026125,0.3321994599646132
codap:151855,0.8854877935827972,0.32895737887520227
codap:151866,0.8629602076678111,0.4756711693505622
codap:151875,0.8641036687365613,0.46666638523788606
codap:151885,0.8743710249484593,0.3993613664854365
codap:151896,0.8813287537345786,0.3944158843094101
codap:151906,0.9073380658126098,0.2443125313420751
codap:151918,0.8753425484169384,0.43630138386993167
codap:151929,0.8813120537988652,0.37477954361997945
codap:151941,0.8739567471511691,0.4239335973741163
codap:151952,0.8827153130127954,0.3828973715678785
codap:151969,0.8574149412852421,0.5595963689861492
codap:151976,0.849741829050572,0.624968647987771
codap:151987,0.8590932112745122,0.5396728736948262
codap:151997,0.8658587178417747,0.5342651672224292
codap:152008,0.8630778785643543,0.5077595140701305
codap:152017,0.9246809892704277,0.18010290118877492
codap:152034,0.8308316944810485,0.7764562572933755
codap:152045,0.8384392492494044,0.6589632130605878
codap:152054,0.8291252623348555,0.7561267595958725
codap:152065,0.8284134010477828,0.7653203677780311
codap:152076,0.8424385695379897,0.6484173638827997
codap:152077,0.8565382645540467,0.5261343284992108
codap:152086,0.8394230549342865,0.6687536144052046
codap:152094,0.84819783610169,0.5738311739519304
codap:152105,0.8403653818625116,0.6434087246054787
codap:152109,0.8453496562187865,0.5932723243897726
codap:152122,0.8297594722512258,0.7386512282132571
codap:152126,0.8486480076112457,0.5699739388635408
codap:152136,0.8285834102000535,0.7632624781565482
codap:152145,0.8553648280728794,0.5086610064581691
codap:152156,0.8373588797524008,0.6684297663596226
codap:152164,0.850980572874505,0.545933324858197
codap:152174,0.8551530390654989,0.5142621798013352
codap:152181,0.8858850572541996,0.4126076269724308
codap:152191,0.8646399954780009,0.5723989362593329
codap:152202,0.8545604319397171,0.7180588619924038
codap:152214,0.883310760279528,0.4525129263136023
codap:152225,0.8932155347958997,0.3786238483203306
codap:152237,0.8854525367339647,0.4240153924256447
codap:152248,0.8708971062917499,0.5451682737143528
codap:152260,0.8892579879293407,0.3956786384001134
codap:152270,0.8712637995674868,0.528038648155416
codap:152282,0.8656760535709509,0.5728407652004535
codap:152304,0.8648000767896065,0.5802533158118877
codap:152320,0.8820692982844776,0.5009044846744928
codap:152339,0.8587344825923537,0.6602710071977071
codap:152340,0.8587344825923537,0.6602710071977071
codap:152350,0.8703952387490972,0.542920133578491
codap:152372,0.856409622428373,0.6790119379231783
codap:152381,0.8949274832521041,0.35904946157165796
codap:152396,0.860492926819461,0.6362157195630971
codap:152408,0.8601267096942138,0.6458581324075112
codap:152416,0.8746437096067439,0.512926003063285
codap:152438,0.8665813968082148,0.5819962104089882
codap:152454,0.8427426331004426,0.8953350734307151
codap:152462,0.8811383155330077,0.46045845994672163
codap:152467,0.8655393458614071,0.5902546455793072
codap:152472,0.8654433135925501,0.5922838279466305
codap:152483,0.871518823748147,0.5328166597437303
codap:152488,0.8661435961998905,0.5826036273024329
codap:152495,0.8560669309747482,0.6899729004910569
codap:152510,0.8870662915371668,0.4205979915834632
codap:152511,0.8870662915371668,0.4205979915834632
codap:152514,0.8684862972652354,0.5690654547352096
codap:152528,0.8759522947273126,0.517043902934347
codap:152547,0.87214108806279,0.5515914094039545
codap:152558,0.8738161928208683,0.5268929064334316
codap:152566,0.8725313953191289,0.5506123869238309
codap:152578,0.8823671449422363,0.4691116801170665
codap:152583,0.8625746293448628,0.5829791656988164
codap:152591,0.8450974716927249,0.7358505417907963
codap:152614,0.8655191049961104,0.5363530860956871
codap:152625,0.8548047653966933,0.5891889878762413
codap:152626,0.8548047653966933,0.5891889878762413
codap:152637,0.8641726476118947,0.5182595645601396
codap:152649,0.8626040414756062,0.5255446920730265
codap:152650,0.8626040414756062,0.5255446920730265
codap:152658,0.8564292689482045,0.5776589636657263
codap:152667,0.8556243823113618,0.5795500434674068
codap:152668,0.8556243823113618,0.5795500434674068
codap:152677,0.9281411800843671,0.1528513225914594
codap:152678,0.9281411800843671,0.1528513225914594
codap:152686,0.861592462300905,0.5266119227890158
codap:152693,0.838871255117283,0.7441750713051078
codap:152702,0.8449158536775485,0.6779901601212259
codap:152703,0.8449158536775485,0.6779901601212259
codap:152723,0.867628779645429,0.46436884380341326
codap:152724,0.867628779645429,0.46436884380341326
codap:152736,0.8553455398102869,0.5641497368776527
codap:152748,0.8605416917939692,0.5155362351110853
codap:152749,0.8605416917939692,0.5155362351110853
codap:152760,0.8701241136068347,0.44048422804939946
codap:152772,0.8557750949339606,0.5583970236098139
codap:152773,0.8557750949339606,0.5583970236098139
codap:152785,0.8616731234628787,0.5145097405888919
codap:152797,0.8537027519641924,0.5735314844027926
codap:152812,0.8506254400945181,0.5930857131797893
codap:152813,0.8506254400945181,0.5930857131797893
codap:152825,0.8471780348197626,0.6164322161339442
codap:152853,0.8855674168187306,0.450001275539762
codap:152865,0.8897291705125099,0.41832820070794696
codap:152898,0.8734354682590038,0.5414115441394642
codap:152945,0.8674378742598492,0.5942184714674568
codap:152956,0.8800065419634393,0.48848542642031134
codap:152965,0.8743424786034666,0.5384271752939185
codap:152975,0.8667956753506587,0.608745608592244
codap:152987,0.8530754946925754,0.754603609828564
codap:153006,0.8550650613040034,0.7350022321782035
codap:153014,0.8646261390413201,0.6313895147125095
codap:153015,0.8646261390413201,0.6313895147125095
codap:153025,0.8714222292830982,0.5731473084256322
codap:153036,0.8459353211424059,0.8379997725171506
codap:153077,0.8581231461907919,0.5186430543092229
codap:153087,0.8553950950504259,0.5333527520158441
codap:153126,0.8594066606783599,0.5187987921926833
codap:153135,0.8596211029118876,0.5361071046227153
codap:153143,0.8725497838236151,0.4589042079041974
codap:153153,0.8751808315987546,0.4396084631107442
codap:153162,0.8601997669097727,0.5472496349627818
codap:153171,0.8905513900128881,0.36127162691900594
codap:153180,0.8678078661446307,0.528241259371498
codap:153200,0.8322738198203297,0.9875142220719226
codap:153201,0.8322738198203297,0.9875142220719226
codap:153211,0.8505827936648984,0.7520893888338378
codap:153222,0.8870238527974834,0.3916155878966947
codap:153223,0.8870238527974834,0.3916155878966947
codap:153233,0.8759579454019786,0.4817698092390401
codap:153234,0.8759579454019786,0.4817698092390401
codap:153255,0.8912460065339474,0.3069865089130417
codap:153260,0.8235396820200549,0.8476708675548252
codap:153265,0.8578555729079653,0.5046520409446202
codap:153266,0.8578555729079653,0.5046520409446202
codap:153280,0.8577132894438364,0.5082646884150108
codap:153285,0.8484457173983628,0.5464071066705856
codap:153288,0.8651626679218225,0.4238451428504959
codap:153289,0.8625333530167154,0.4485184638683677
codap:153295,0.8466968408761204,0.5928838138841002
codap:153299,0.8621711168084403,0.47392215527133885
codap:153308,0.8559269155487073,0.6675624652082206
codap:153321,0.8642031335984939,0.5742292935901787
codap:153328,0.8559969608872962,0.6408282646175394
codap:153335,0.8704005981855971,0.5222620695492424
codap:153350,0.8696772375324144,0.5343714434839058
codap:153351,0.8696772375324144,0.5343714434839058
codap:153357,0.8740727481283557,0.5014030035463293
codap:153360,0.8691710691332446,0.5405413922051139
codap:153366,0.8440808883447062,0.8350685185216662
codap:153374,0.8282173419074752,1.0018462606096818
codap:153382,0.8508052729475821,0.6436568351380174
codap:153383,0.8508052729475821,0.6436568351380174
codap:153390,0.855425691137043,0.5875906105143258
codap:153398,0.8536577675495209,0.585332623195427
codap:153406,0.8668872979278603,0.47380902275108383
codap:153407,0.8668872979278603,0.47380902275108383
codap:153416,0.8465299662987036,0.6278045200638189
codap:153424,0.8474688499086369,0.6161947704679278
codap:153425,0.8474688499086369,0.6161947704679278
codap:153433,0.8558067259045856,0.5446457235605067
codap:153440,0.8478587068539127,0.6048467647801772
codap:153441,0.8478587068539127,0.6048467647801772
codap:153449,0.8490354007344649,0.5991459866590958
codap:153450,0.8490354007344649,0.5991459866590958
codap:153459,0.8621838113165268,0.4756520616565467
codap:153465,0.8667004651567822,0.4351181508961872
codap:153475,0.8497554344749005,0.5549314537429382
codap:153476,0.8497554344749005,0.5549314537429382
codap:153483,0.8472755133445844,0.5831800437335914
codap:153492,0.8545449384305357,0.5344556792335879
codap:153493,0.8545449384305357,0.5344556792335879
codap:153506,0.8518378079793365,0.5606349119113929
codap:153513,0.8479737588727403,0.5989514676921317
codap:153522,0.8849030204985411,0.4343298807659721
codap:153685,0.8692831067214684,0.5639987551355716
codap:153686,0.8692831067214684,0.5639987551355716
codap:153695,0.856787292299714,0.6646992301500632
codap:153700,0.855217291201825,0.6944851858536367
codap:153706,0.8540994858858539,0.6917355090886304
codap:153707,0.8540994858858539,0.6917355090886304
codap:153717,0.8439809797448561,0.8310962053583353
codap:153727,0.8707944580582989,0.5623570220725469
codap:153734,0.8618685331257439,0.6544050044929008
codap:153737,0.8686976176627468,0.5860272967177025
codap:153739,0.8581579510528172,0.6845820501662274
codap:153751,0.8669106858542364,0.5184261219521886
codap:153752,0.8669106858542364,0.5184261219521886
codap:153762,0.8650519532154703,0.5226343623673984
codap:153763,0.8650519532154703,0.5226343623673984
codap:153772,0.8477882596555446,0.6316001913899072
codap:153779,0.8356242953223045,0.7646206595870808
codap:153780,0.8356242953223045,0.7646206595870808
codap:153792,0.8593573588573236,0.5021313230015494
codap:153805,0.8630409112479356,0.4758095123640942
codap:153817,0.8541089189757258,0.5369746184114774
codap:153818,0.8541089189757258,0.5369746184114774
codap:153829,0.855446154663241,0.5277274924119411
codap:153841,0.8594998476537512,0.4957653075625785
codap:153842,0.8594998476537512,0.4957653075625785
codap:153852,0.8555004588899919,0.5328692371142552
codap:153861,0.8515942071162499,0.5749466293989371
codap:153871,0.8390160149908752,0.6821552566846094
codap:153878,0.8312872228173092,0.764738765494485
codap:153885,0.8549007740271009,0.5439353551321346
codap:153895,0.8348358967293734,0.734121683850617
codap:153898,0.8702008791503886,0.5077936954071447
codap:153899,0.8702008791503886,0.5077936954071447
codap:153909,0.856861445028926,0.6159581368681302
codap:154046,0.8746112132691906,0.44754007270853435
codap:154077,0.875922956917293,0.4261844386453504
codap:154173,0.8249505584221879,0.9090879698499066
codap:154188,0.7970238590376084,1.3048752881277323
codap:154217,0.8050579211790136,1.1821317914061638
codap:154229,0.8663734908493552,0.47501573052750246
codap:154253,0.8696675729452181,0.4453735318584222
codap:154277,0.8705529042892977,0.44117018305678357
codap:154325,0.8345251258517692,0.7582518511521812
codap:154349,0.8426910961381964,0.6787362955992648
codap:154374,0.8483213765066466,0.6570800486924782
codap:154388,0.9068727789463082,0.24600585911048256
codap:154395,0.7994399454387349,1.2169024803279171
codap:154402,0.8395160994016351,0.7070509412897081
codap:154454,0.8499675910570659,0.6136828336434519
codap:154621,0.869562675493853,0.4365815028770612
codap:154669,0.8671962119287855,0.46519069997407314
codap:154739,0.9252354971627028,0.17741854932910428
codap:154786,0.9097865265894143,0.22790722066611124
codap:154809,0.8677064883086132,0.44257153804142035
codap:154833,0.861959658179785,0.47969731135663096
codap:154881,0.85601435311969,0.5086062570380818
codap:154905,0.8559459206981046,0.49145789358499314
codap:154929,0.8591017531559828,0.47668494731146893
codap:154953,0.8657734909672854,0.45215369681159245
codap:155049,0.9172591137544259,0.19212906221355297
codap:155073,0.8723500776582114,0.4577043666213285
codap:155085,0.8751615570954527,0.4323074967210232
codap:155097,0.8593163087548419,0.4789566443714648
codap:155120,0.8715889242680532,0.3964224835017376
codap:155144,0.872033542374993,0.3884431468650291
codap:155168,0.8705367514014597,0.4017983593687404
codap:155192,0.8714529688113544,0.3912885478184762
codap:155216,0.8809175298679293,0.33372499880942996
codap:155240,0.8793054075604232,0.3579428674720475
codap:155264,0.8334055117463777,0.7280937459827328
codap:155288,0.8535178945060125,0.4793728536317303
codap:155311,0.8648892298754163,0.42373252314814636
codap:155335,0.8611535160571293,0.4466638212509224
codap:155383,0.8776911852037301,0.36664059303484464
codap:155407,0.8678957769734552,0.41471162703510345
codap:155443,0.8687754883271737,0.43276583919760014
codap:155459,0.8608995146039433,0.4172813466623211
codap:155483,0.8577994395341193,0.4670746135639092
codap:155507,0.8672488034123944,0.4177439946129198
codap:155555,0.875887401926775,0.35051702725468203
codap:155627,0.790835964019152,1.037379625834319
codap:155651,0.8042138257346778,0.8833928969397675
codap:155711,0.8585043516334281,0.4355232762268315
codap:155759,0.8509851448870904,0.4701993556900561
codap:155807,0.8506348660800995,0.47742926663295293
codap:155879,0.8449271740801123,0.5111558591195262
codap:155991,0.8455425157976606,0.5198238413149738
codap:156063,0.8461777467025513,0.46635456769195116
codap:156075,0.8641260199055978,0.37883808667220364
codap:156178,0.8473513687097238,0.44282814328448694
codap:156224,0.847540693713654,0.4559987297459429
codap:158852,0.8534278752765658,0.5268566378417745
codap:159176,0.8408621015212248,0.556571649217176
codap:159259,0.8713070000162588,0.4559214624075594
codap:159261,0.8678311096209654,0.4787403550067211
codap:159267,0.9635892046308072,0.07046761453148065
codap:159270,0.9621214708161006,0.07318988536667348
codap:159279,0.9744366878760502,0.05387054390007506
codap:159380,0.8978296966001835,0.2892298421597843
codap:159392,0.8591097005651136,0.5115681605982445
codap:159403,0.8452347492802801,0.6126013781913571
codap:159416,0.9061725156916509,0.24643641481361556
codap:159422,0.8534935154593768,0.5703467395310327
codap:159431,0.8480569931914488,0.5922395778877672
codap:159439,0.8252976262601806,0.7965616556671193
codap:159449,0.8400650621608747,0.5937685267601864
codap:159461,0.8651294217950181,0.4192756893883143
codap:159473,0.87434112047913,0.37149540486961996
codap:159486,0.881982208329191,0.34308648367186834
codap:159496,0.8975392020515756,0.2736390564791691
codap:159517,0.8780149508372688,0.37021536914130593
codap:159541,0.8817167909246564,0.35605411214282867
codap:159551,0.8860516797994933,0.3393397214849756
codap:159560,0.8785392714453337,0.3741447250113197
codap:159567,0.8503313229073228,0.4706600456643173
codap:159579,0.8457968427283049,0.4950141525521303
codap:159592,0.8181366973394688,0.7863947805856242
codap:159603,0.8199815451678205,0.7789944383928287
codap:159612,0.833224091880993,0.641402995763201
codap:159620,0.8233913425260653,0.7566662802842075
codap:159632,0.8237873011071315,0.7239721016901512
codap:159643,0.8396217924412213,0.590165638180224
codap:159653,0.8215649979433692,0.7545423343244693
codap:159665,0.8356346960629253,0.6299805363391897
codap:159689,0.8412993613101207,0.5889099578348578
codap:159712,0.8658866445580315,0.4141167400530321
codap:159756,0.8554998005386096,0.4344700966751134
codap:160205,0.8420589016757276,0.5124787636016208
codap:160466,0.8751036906342051,0.3612781759893551
codap:160487,0.8725818307520967,0.37396460230274897
codap:160508,0.8627103346636886,0.43164380692155646
codap:160568,0.8695903526829625,0.39966821662505936
codap:160667,0.871444226218955,0.3845358019859759
codap:160705,0.9100281464452564,0.2193699091808412
codap:160715,0.9154686504016354,0.1977521765347774
codap:160726,0.9223772555328651,0.1726549548852745
codap:160967,0.8917615619479875,0.3176508218930394
codap:160991,0.8145693970393495,0.9354392973248196
codap:160997,0.8125211278957067,0.9674851768857025
codap:161189,0.8618024498073282,0.5419086112124205
codap:161198,0.8333582737370762,0.74372568515696
codap:161206,0.8237138668571333,0.8731442463727035
codap:161214,0.8518364320104865,0.6017369131784562
codap:161296,0.8260095106211338,0.8030732649544916
codap:161303,0.83119034813285,0.7390786669377576
codap:161352,0.8501582482651884,0.5424729646917967
codap:161416,0.8567413439802749,0.4916767291238102
codap:161480,0.91714842819556,0.20254750001731736
codap:161490,0.8389855243137845,0.6570124189768194
codap:161564,0.8216236658163325,0.895480444395389
codap:161577,0.8487573458617135,0.6215210348184428
codap:161606,0.8067333891708586,1.0883180640337287
codap:161617,0.8559513837785744,0.51099257896567
codap:161684,0.8581594143286111,0.47539247267718565
codap:161797,0.8514088416047798,0.5739817303146992
codap:162248,0.9274422396624686,0.15621743107567454
codap:162296,0.8593886345702231,0.3999145794850847
codap:162602,0.9397035304232304,0.1313922219953838
codap:162629,0.9204880932163633,0.19197059570706188
codap:162642,0.9181655835454876,0.255080631716055
codap:162682,0.8957003849036482,0.33543283485551
codap:162698,0.8718693895530123,0.4679597740309873
codap:162710,0.8581212811177465,0.5684579547516933
codap:162722,0.8605850951707907,0.5295350472538303
codap:162734,0.8898021925210742,0.38528151140803857
codap:162743,0.853274272196586,0.5845467683609513
codap:162755,0.8542665575255342,0.5809019375706157
codap:162767,0.8631319818518932,0.5070674319390491
codap:162779,0.8682240847408593,0.46782689173346625
codap:162791,0.8626216761563228,0.5113838890404168
codap:162825,0.8563339702684516,0.5497022962599658
codap:162838,0.8579293952382159,0.5285358677353997
codap:162849,0.8551530147308313,0.5468240522416181
codap:162862,0.8491797746903558,0.5971551216402986
codap:162875,0.8677195322973148,0.580709859985518
codap:162887,0.8857091702670914,0.43371457997795915
codap:162911,0.8752829823804404,0.5262979758085748
codap:162923,0.8707168054183967,0.5469520264089169
codap:162947,0.8756283271352459,0.5273203208089399
codap:162959,0.8970336882794072,0.3527977072824342
codap:162971,0.8658932241680759,0.6163098704046206
codap:163031,0.8963364367239137,0.3475709488081975
codap:163080,0.8906341045137651,0.38453067337604807
codap:163092,0.8548313396674985,0.6914471937379858
codap:163117,0.8706093516716464,0.5386820798905774
codap:163129,0.8572913713496746,0.6855395878706076
codap:163153,0.876679196133864,0.49810618765536674
codap:163203,0.8767196626229179,0.43770439876220735
codap:163215,0.8804019182839511,0.4500827706203836
codap:163227,0.8658587178417747,0.5342651672224292
codap:163239,0.883428155628053,0.3975591631640327
codap:163251,0.8701442985814083,0.4887333346136984
codap:163263,0.8643126407448563,0.5475821600252857
codap:163275,0.8809539540955029,0.450799465752425
codap:163287,0.8813287537345786,0.3944158843094101
codap:163311,0.8703240675147299,0.4904856711893899
codap:163323,0.8775860924204153,0.45947708444236923
codap:163335,0.8580448875325146,0.5892063991877876
codap:163347,0.8710586554400379,0.48071876353969856
codap:163359,0.8753425484169384,0.43630138386993167
codap:163371,0.8723546879434707,0.49293698247220163
codap:163395,0.8590932112745122,0.5396728736948262
codap:163407,0.849741829050572,0.624968647987771
codap:163443,0.8574149412852421,0.5595963689861492
codap:163467,0.8739567471511691,0.4239335973741163
codap:163479,0.8743710249484593,0.3993613664854365
codap:163491,0.8641036687365613,0.46666638523788606
codap:163503,0.8629602076678111,0.4756711693505622
codap:163515,0.8854877935827972,0.32895737887520227
codap:163528,0.8557070718063642,0.6884776505760328
codap:163540,0.8248272931678002,1.0927643623917902
codap:163552,0.8596431662401756,0.668277990182105
codap:163563,0.883310760279528,0.4525129263136023
codap:163574,0.8600512674131551,0.6498289517298872
codap:163586,0.8436342892459834,0.821213467181451
codap:163598,0.8700681347202135,0.5509593349429451
codap:163610,0.8854524882749502,0.4240243527408438
codap:163621,0.8892579879293407,0.3956786384001134
codap:163631,0.8656760535709509,0.5728407652004535
codap:163654,0.8858850572541996,0.4126076269724308
codap:163666,0.8646399954780009,0.5723989362593329
codap:163689,0.8682781321708717,0.5091303004478505
codap:163701,0.888369972512919,0.40688580285927856
codap:163713,0.8907593372709925,0.37318828328284326
codap:163725,0.8802248671738653,0.40295136464351344
codap:163737,0.9170305346683563,0.23071839428462226
codap:163761,0.8849506231090345,0.39433262415423087
codap:163783,0.8774617317053526,0.43767493378345534
codap:163806,0.8724257641065378,0.4446603723456519
codap:163819,0.8630642562604862,0.5179069587431968
codap:163830,0.8786450186271395,0.3907937016724645
codap:163842,0.8750953823459895,0.41212973426740973
codap:163854,0.8456730797081491,0.6513975265299905
codap:163866,0.8567237281408779,0.5537766511915834
codap:163878,0.8648059816098339,0.49145303232830884
codap:163924,0.8589501685619325,0.5355028756205229
codap:163936,0.856631314323522,0.555074499123748
codap:163948,0.8645621738264708,0.49415874565306694
codap:163960,0.8636863716033076,0.49350282540422086
codap:164006,0.8943912295435439,0.4326625178989616
codap:164018,0.8823671449422363,0.4691116801170665
codap:164030,0.8386930269293771,0.9518033840365661
codap:164042,0.8698472180628869,0.5931961793810387
codap:164058,0.8738161928208683,0.5268929064334316
codap:164066,0.8725313953191289,0.5506123869238309
codap:164078,0.8707901872012371,0.5901623306360761
codap:164090,0.8759522947273126,0.517043902934347
codap:164102,0.87214108806279,0.5515914094039545
codap:164114,0.8574800802448408,0.7048943775641874
codap:164138,0.8870662915371668,0.4205979915834632
codap:164149,0.8811383155330077,0.46045845994672163
codap:164161,0.8654433135925501,0.5922838279466305
codap:164162,0.8655393458614071,0.5902546455793072
codap:164173,0.871518823748147,0.5328166597437303
codap:164181,0.8661435961998905,0.5826036273024329
codap:164193,0.8665813968082148,0.5819962104089882
codap:164205,0.8458001448352661,0.8306790548247136
codap:164217,0.8560669309747482,0.6899729004910569
codap:164229,0.8746437096067439,0.512926003063285
codap:164265,0.8587344825923537,0.6602710071977071
codap:164277,0.8601267096942138,0.6458581324075112
codap:164289,0.852616979815366,0.7635647439615241
codap:164302,0.8703952387490972,0.542920133578491
codap:164325,0.856409622428373,0.6790119379231783
codap:164337,0.8949274832521041,0.35904946157165796
codap:164349,0.860492926819461,0.6362157195630971
codap:164360,0.8450974716927249,0.7358505417907963
codap:164384,0.8356799459063495,0.8244233832017471
codap:164395,0.868578588139826,0.506474030084064
codap:164406,0.8849051616266479,0.5173700327918596
codap:164414,0.8810063562020787,0.43318132328226966
codap:164455,0.8655191049961104,0.5363530860956871
codap:164467,0.8641468316518512,0.5233063638534077
codap:164478,0.8585070905917291,0.5938886851313327
codap:164489,0.8659597511966695,0.5767295167370321
codap:164501,0.8751143519691595,0.46214355887423153
codap:164513,0.8625746293448628,0.5829791656988164
codap:164525,0.8548047653966933,0.5891889878762413
codap:164537,0.8672983630028739,0.49679236669157945
codap:164549,0.8631851057209587,0.5465420191599151
codap:164557,0.8760375666888649,0.44463771768892
codap:164575,0.8626040414756062,0.5255446920730265
codap:164586,0.8564292689482045,0.5776589636657263
codap:164597,0.8651705994686836,0.5224457545075438
codap:164617,0.8751558721141919,0.4475823475568177
codap:164629,0.8556243823113618,0.5795500434674068
codap:164640,0.9281411800843671,0.1528513225914594
codap:164664,0.861592462300905,0.5266119227890158
codap:164680,0.8949052151785963,0.31812562866275584
codap:164692,0.8449158536775485,0.6779901601212259
codap:164716,0.8688984995051214,0.5013984095808155
codap:164727,0.867628779645429,0.46436884380341326
codap:164739,0.8553455398102869,0.5641497368776527
codap:164763,0.8605416917939692,0.5155362351110853
codap:164775,0.8701241136068347,0.44048422804939946
codap:164799,0.8557750949339606,0.5583970236098139
codap:164811,0.8616731234628787,0.5145097405888919
codap:164823,0.8537027519641924,0.5735314844027926
codap:164835,0.8506254400945181,0.5930857131797893
codap:164853,0.8471780348197626,0.6164322161339442
codap:164865,0.8876139782178143,0.4360221174704293
codap:164866,0.8845584055995914,0.45460354098668176
codap:164867,0.8932489056014674,0.38935981450276813
codap:164870,0.8652944852685778,0.6203398892855603
codap:164871,0.8934021189472787,0.40441290030071286
codap:164872,0.8973771602627494,0.3752492982998774
codap:164873,0.8876327345667505,0.43103965946306744
codap:164874,0.8968437247854126,0.37675534447862447
codap:164875,0.8927888066079959,0.4057992827756607
codap:164876,0.8694699291686447,0.5819969422368558
codap:164877,0.8718444755322707,0.5702091799346363
codap:164878,0.8653312310018464,0.6576428676612522
codap:164879,0.867527237244758,0.6259350750317481
codap:164880,0.8601722258533755,0.6824703282368318
codap:164881,0.8832164165874019,0.45804348610136003
codap:164893,0.8855674168187306,0.450001275539762
codap:164905,0.8897291705125099,0.41832820070794696
codap:164943,0.8734354682590038,0.5414115441394642
codap:165003,0.8674378742598492,0.5942184714674568
codap:165014,0.8800065419634393,0.48848542642031134
codap:165024,0.8743424786034666,0.5384271752939185
codap:165035,0.8667956753506587,0.608745608592244
codap:165048,0.8530754946925754,0.754603609828564
codap:165072,0.8550650613040034,0.7350022321782035
codap:165084,0.8646261390413201,0.6313895147125095
codap:165096,0.8714222292830982,0.5731473084256322
codap:165107,0.8459353211424059,0.8379997725171506
codap:165142,0.8441911982426973,0.8684024297340329
codap:165154,0.8409892385391231,0.9091903808446204
codap:165166,0.8669599288450627,0.626794434904923
codap:165176,0.8632007705355136,0.6721304145487466
codap:165187,0.8961850559905997,0.41130723380433665
codap:165200,0.890101316135997,0.4203873694127651
codap:165212,0.8774816279926654,0.522755376597388
codap:165224,0.8628226389496376,0.6690461847103961
codap:165248,0.8268599552491196,1.115251272560954
codap:165259,0.8654151728756005,0.6197585667878229
codap:165268,0.8413786280204931,0.9417532324030162
codap:165284,0.827142424333033,1.11454923481665
codap:165295,0.8235421889855843,1.1794568548059488
codap:165303,0.8306254373362663,1.0703013509612447
codap:165320,0.8367659766195175,0.9850513728395072
codap:165861,0.8322735504007142,0.98753921546745
codap:165874,0.843950845061272,0.8309799691012358
codap:165894,0.8885287008897649,0.5062441715881505
codap:165917,0.8505827936648984,0.7520893888338378
codap:165929,0.8464356095146286,0.7976565433493761
codap:165940,0.8366222678669146,0.9701600982934906
codap:165950,0.8855130172016743,0.5068974155665273
codap:165974,0.8278453618186177,1.0190730404192436
codap:165999,0.8870238165711726,0.3916237245919092
codap:166011,0.8431432142269841,0.8214879097856738
codap:166034,0.8759579454019786,0.4817698092390401
codap:166046,0.8697615576700173,0.5644097015563148
codap:166054,0.8298713289302668,0.9602692918465436
codap:166078,0.8328017052633641,0.9920109146430605
codap:166100,0.8490146460330834,0.7646912633454122
codap:166124,0.8459130408741657,0.7944645728227897
codap:166173,0.8383468577687836,0.859161970750165
codap:166292,0.8578555729079653,0.5046520409446202
codap:166358,0.8625333530167154,0.4485184638683677
codap:166402,0.8302924847437225,0.8536493058970791
codap:166429,0.8368044320698118,0.73703687820921
codap:166455,0.8666228970794236,0.4796372996102036
codap:166469,0.858375449923642,0.5493035134152251
codap:166482,0.8520660683423102,0.6107750259327531
codap:166496,0.8761529108753621,0.429890001745207
codap:166558,0.8559969608872962,0.6408282646175394
codap:166567,0.8704005981855971,0.5222620695492424
codap:166612,0.8696772375324144,0.5343714434839058
codap:166631,0.8691710691332446,0.5405413922051139
codap:166665,0.8473301065973828,0.7584540979676149
codap:166679,0.8273132874714975,1.0436409736257701
codap:166695,0.8487678340432012,0.7829987083987362
codap:166710,0.8219905999944785,1.1297885582837353
codap:166723,0.8148609132510956,1.220730602252388
codap:166736,0.866150370077321,0.6014579029244942
codap:166748,0.8474368891313588,0.7908388879941413
codap:166766,0.8845457562158572,0.5724516955874606
codap:166774,0.8760791005072406,0.6287789773671193
codap:166788,0.8583758848092202,0.6607613685591787
codap:166806,0.8350664022850651,0.940356529376686
codap:166829,0.8583568288743209,0.681009232849874
codap:166838,0.8440808883447062,0.8350685185216662
codap:166879,0.8282173419074752,1.0018462606096818
codap:166885,0.8587936126341447,0.5890181378460966
codap:166916,0.855425691137043,0.5875906105143258
codap:166927,0.8554893116315725,0.6052967521493429
codap:166937,0.8559139050698832,0.6058688895811883
codap:166971,0.8536577675495209,0.585332623195427
codap:166982,0.8601218338303624,0.5583297033119834
codap:166993,0.8499279422308064,0.662886690097821
codap:167020,0.8786301774423464,0.5273621351902875
codap:167042,0.8508052729475821,0.6436568351380174
codap:167054,0.8668872979278603,0.47380902275108383
codap:167065,0.8600862861878795,0.554594317822648
codap:167086,0.8528654657884545,0.6291682938413032
codap:167089,0.8465299662987036,0.6278045200638189
codap:167108,0.8609634791735061,0.5344483697022042
codap:167121,0.8474688499086369,0.6161947704679278
codap:167132,0.864803312183767,0.5104903411413488
codap:167145,0.8558067259045856,0.5446457235605067
codap:167155,0.8585488268440713,0.5658177680152221
codap:167167,0.8478587068539127,0.6048467647801772
codap:167179,0.8599010656284918,0.5460063936247934
codap:167190,0.8490354007344649,0.5991459866590958
codap:167216,0.8621838113165268,0.4756520616565467
codap:167229,0.8620181502133164,0.5493370356916785
codap:167241,0.8667004651567822,0.4351181508961872
codap:167254,0.8497554344749005,0.5549314537429382
codap:167269,0.8472755133445844,0.5831800437335914
codap:167285,0.8479737588727403,0.5989514676921317
codap:167299,0.8518378079793365,0.5606349119113929
codap:167314,0.8545449384305357,0.5344556792335879
codap:167329,0.8849030204985411,0.4343298807659721
codap:167341,0.8597800663430917,0.7237836808076281
codap:167382,0.8804492035001203,0.46560136895914184
codap:167411,0.8609228771181279,0.6523964042767147
codap:167416,0.861413750370275,0.6593518106026295
codap:167442,0.867371074401035,0.5785970468675714
codap:167466,0.8886360413773673,0.39726154137815683
codap:168029,0.8831882090200907,0.5510684676080473
codap:168101,0.8581579510528172,0.6845820501662274
codap:168127,0.8366374791316957,0.9448427068341516
codap:168141,0.8751051526965057,0.5343113196306604
codap:168181,0.8686976176627468,0.5860272967177025
codap:168217,0.8618685331257439,0.6544050044929008
codap:168229,0.8850794088455132,0.44272390311266463
codap:168238,0.8384023141234138,0.9061502045010457
codap:168251,0.8707944580582989,0.5623570220725469
codap:168262,0.8245577229515675,1.0969552634346655
codap:168286,0.823251798899264,1.1369018567506828
codap:168299,0.8439809797448561,0.8310962053583353
codap:168343,0.8692831067214684,0.5639987551355716
codap:168356,0.856787292299714,0.6646992301500632
codap:168384,0.855217291201825,0.6944851858536367
codap:168398,0.8540994858858539,0.6917355090886304
codap:168453,0.8669106858542364,0.5184261219521886
codap:168466,0.9120383012902948,0.2798255729749144
codap:168480,0.8958657205773761,0.3502450027829127
codap:168502,0.8702008791503886,0.5077936954071447
codap:168506,0.8650519532154703,0.5226343623673984
codap:168530,0.8860599076351718,0.4356449474071269
codap:168583,0.8477882596555446,0.6316001913899072
codap:168606,0.8825092534304986,0.4036401328662578
codap:168609,0.856861445028926,0.6159581368681302
codap:168644,0.8348358967293734,0.734121683850617
codap:168652,0.8660972745726667,0.505357450038673
codap:168665,0.8549006056957751,0.5439480610446026
codap:168675,0.8660400923754423,0.525042260416285
codap:168690,0.8312872228173092,0.764738765494485
codap:168702,0.8508140271278535,0.6400834159353508
codap:168713,0.8390160149908752,0.6821552566846094
codap:168741,0.8515942071162499,0.5749466293989371
codap:168754,0.8555004588899919,0.5328692371142552
codap:168769,0.8593573588573236,0.5021313230015494
codap:168784,0.8630409112479356,0.4758095123640942
codap:168799,0.8541089189757258,0.5369746184114774
codap:168814,0.855446154663241,0.5277274924119411
codap:168829,0.8594998476537512,0.4957653075625785
codap:169284,0.8905334163343923,0.3030377257002783
codap:169285,0.891174517043055,0.3051104536998537
codap:169539,0.8104251008487608,0.9628369888985162
codap:169540,0.8104251008487608,0.9628369888985162
codap:169860,0.8979653543924542,0.27252863194553356
codap:169861,0.8979653543924542,0.27252863194553356
codap:169862,0.9076614531443283,0.22893199380155238
codap:169863,0.9076614531443283,0.22893199380155238
codap:169878,0.9199978597207519,0.18215219784633518
codap:169879,0.9199978597207519,0.18215219784633518
codap:169890,0.9224879391972536,0.17436409804668074
codap:169891,0.9224879391972536,0.17436409804668074
codap:169893,0.9261990944273748,0.16339191492716054
codap:169894,0.9261990944273748,0.16339191492716054
codap:169905,0.9279987951770181,0.15645870232583547
codap:169907,0.9279987951770181,0.15645870232583547
codap:169922,0.9271824324762292,0.15852289270492292
codap:169923,0.9271824324762292,0.15852289270492292
codap:169924,0.9249957811834975,0.16638459077148582
codap:169925,0.9249957811834975,0.16638459077148582
codap:169940,0.9267318796350992,0.15973376292367902
codap:169941,0.9267318796350992,0.15973376292367902
codap:169943,0.9259010492171456,0.1627486639251856
codap:169944,0.9259010492171456,0.1627486639251856
codap:169957,0.9283572392109818,0.15348033658278837
codap:169958,0.9283572392109818,0.15348033658278837
codap:169977,0.940900595217272,0.11477165525639066
codap:169978,0.940900595217272,0.11477165525639066
codap:169980,0.9239528781690751,0.16612789055284338
codap:169981,0.9239528781690751,0.16612789055284338
codap:169996,0.923410080853273,0.1666500465878471
codap:169997,0.923410080853273,0.1666500465878471
codap:169998,0.9207743470090008,0.17757225928312437
codap:169999,0.9207743470090008,0.17757225928312437
codap:170017,0.9338805567381314,0.13851926791312508
codap:170018,0.9338805567381314,0.13851926791312508
codap:170040,0.9076712206838238,0.21273842969503676
codap:170041,0.9076712206838238,0.21273842969503676
codap:170064,0.8658239986164062,0.41887191242153676
codap:170065,0.8658239986164062,0.41887191242153676
codap:170066,0.882869386895436,0.3300895904792469
codap:170067,0.882869386895436,0.3300895904792469
codap:170088,0.9192780353637318,0.18300805801072784
codap:170089,0.9192780353637318,0.18300805801072784
codap:170090,0.9259872726725007,0.15887744589235808
codap:170091,0.9259872726725007,0.15887744589235808
codap:170114,0.9157344560485399,0.19394267684037914
codap:170115,0.9157344560485399,0.19394267684037914
codap:170116,0.9258562417871872,0.16358564385564023
codap:170117,0.9258562417871872,0.16358564385564023
codap:170138,0.9179754267772751,0.18593976833517445
codap:170139,0.9179754267772751,0.18593976833517445
codap:170160,0.907750937705714,0.21812521955848752
codap:170179,0.924557952097075,0.1618483459849358
codap:170180,0.924557952097075,0.1618483459849358
codap:170182,0.9311193672647278,0.14400087674539463
codap:170183,0.9311193672647278,0.14400087674539463
codap:170223,0.924770502729416,0.16481659350051814
codap:170224,0.924770502729416,0.16481659350051814
codap:170226,0.9278862425990155,0.15459883490393622
codap:170227,0.9278862425990155,0.15459883490393622
codap:170260,0.870139383813239,0.4117906785550076
codap:170261,0.870139383813239,0.4117906785550076
codap:170280,0.8990166036617211,0.2679789868084299
codap:170281,0.8990166036617211,0.2679789868084299
codap:170295,0.9018063506164253,0.2538864128316618
codap:170296,0.8996809014406608,0.26417980603969227
codap:170331,0.9349757850518472,0.13490521030280433
codap:170332,0.9349757850518472,0.13490521030280433
codap:170347,0.8725691769334389,0.3960521117041935
codap:170348,0.8725691769334389,0.3960521117041935
codap:170368,0.960210662668942,0.07655115589068373
codap:170369,0.960210662668942,0.07655115589068373
codap:170380,0.9227821139015759,0.16581057862504167
codap:170381,0.9227821139015759,0.16581057862504167
codap:170414,0.9637631181021789,0.07211637857653841
codap:170415,0.9637631181021789,0.07211637857653841
codap:170426,0.9454511507415191,0.10851765162078664
codap:170427,0.9454511507415191,0.10851765162078664
codap:170428,0.9644340076865774,0.07097891257262745
codap:170429,0.9644340076865774,0.07097891257262745
codap:170437,0.960697719714517,0.0760601240572214
codap:175766,0.8596212666545853,0.49771887775409596
codap:175767,0.8596212666545853,0.49771887775409596
codap:175775,0.8493238123726314,0.5761923578531878
codap:175776,0.8493238123726314,0.5761923578531878
codap:175787,0.9433591648235051,0.1135294421405888
codap:175788,0.9433591648235051,0.1135294421405888
codap:175799,0.944668115636432,0.110730162496111
codap:175800,0.944668115636432,0.110730162496111
codap:175822,0.9350526234293284,0.13086875672934184
codap:175833,0.9313846838442714,0.1451889212446531
codap:175975,0.9368181531961,0.12647552172688847
codap:175995,0.9394046982151849,0.11923813043131304
codap:175996,0.9394046982151849,0.11923813043131304
codap:175997,0.9393927009341496,0.1198659090032379
codap:175998,0.9393927009341496,0.1198659090032379
codap:176021,0.9334439048971035,0.12962184434036317
codap:176022,0.9334439048971035,0.12962184434036317
codap:176297,0.934726800522867,0.1287487095094093
codap:176298,0.934726800522867,0.1287487095094093
codap:176301,0.9535387474904837,0.08589505703821487
codap:176704,0.8424230954431096,0.6406389019452945
codap:176705,0.8424230954431096,0.6406389019452945
codap:176716,0.8458208819654374,0.6094376474677574
codap:176727,0.8832489160515706,0.3574143013011053
codap:176728,0.8832489160515706,0.3574143013011053
codap:176739,0.8969302299351511,0.2868926072433169
codap:176740,0.8969302299351511,0.2868926072433169
codap:176751,0.9205943912215844,0.18521149010894078
codap:176752,0.9205943912215844,0.18521149010894078
codap:176762,0.9183990588926463,0.19216284091999114
codap:176763,0.9183990588926463,0.19216284091999114
codap:176786,0.838568561716329,0.6812325471375971
codap:176787,0.838568561716329,0.6812325471375971
codap:176788,0.847272330681335,0.6072053419645727
codap:176789,0.847272330681335,0.6072053419645727
codap:176797,0.8514206722018116,0.5852424978365889
codap:176798,0.8514206722018116,0.5852424978365889
codap:176807,0.9073379576775551,0.2362140449558865
codap:176808,0.9073379576775551,0.2362140449558865
codap:176819,0.9204394479609164,0.18235792892801328
codap:176820,0.9204394479609164,0.18235792892801328
codap:176829,0.9312059525245786,0.14803219807299683
codap:176830,0.9312059525245786,0.14803219807299683
codap:176840,0.9311938438845573,0.14688628233784584
codap:176841,0.9311938438845573,0.14688628233784584
codap:176851,0.933854574211864,0.13917975950448636
codap:176852,0.933854574211864,0.13917975950448636
codap:176887,0.858647319401598,0.5139182488915139
codap:176888,0.858647319401598,0.5139182488915139
codap:177044,0.8010937066078441,1.0528441350211324
codap:177081,0.7878090148515184,1.3998330520548734
codap:177082,0.7878090148515184,1.3998330520548734
codap:177117,0.92186301406241,0.17870013947708685
codap:177118,0.92186301406241,0.17870013947708685
codap:177135,0.9090359309695941,0.2238845105719065
codap:177136,0.9090359309695941,0.2238845105719065
codap:177154,0.9243124515555792,0.16541893522526152
codap:177155,0.9243124515555792,0.16541893522526152
codap:177168,0.9220004935759789,0.17742766874016525
codap:177169,0.9220004935759789,0.17742766874016525
codap:177180,0.9243087961144738,0.17004658066366574
codap:177181,0.9243087961144738,0.17004658066366574
codap:177416,0.8276743982273729,0.6820361845618663
codap:177417,0.8276743982273729,0.6820361845618663
codap:177634,0.9058825611039083,0.22813068185860175
codap:177635,0.9058825611039083,0.22813068185860175
codap:177675,0.9099581844291151,0.20995385885680662
codap:177676,0.9099581844291151,0.20995385885680662
codap:177704,0.9312767700180302,0.1430016149297444
codap:177705,0.9312767700180302,0.1430016149297444
codap:177744,0.9333817281826668,0.13358421039174573
codap:177745,0.9333817281826668,0.13358421039174573
codap:177757,0.930737103906722,0.14121960541388034
codap:177758,0.930737103906722,0.14121960541388034
codap:177780,0.9274662857912972,0.14853563519750423
codap:177781,0.9274662857912972,0.14853563519750423
codap:178040,0.8712802039963208,0.419735820213873
codap:178041,0.8712802039963208,0.419735820213873
codap:178043,0.86647468301544,0.5034463885731384
codap:178044,0.86647468301544,0.5034463885731384
codap:178286,0.9022396431500965,0.28872774298565673
codap:178287,0.9022396431500965,0.28872774298565673
codap:178324,0.8491004300533405,0.7334537943299893
codap:178325,0.8491004300533405,0.7334537943299893
codap:178354,0.8590660279942313,0.6094885910802077
codap:178355,0.8590660279942313,0.6094885910802077
codap:178366,0.9205615876364845,0.19335884853080643
codap:178367,0.9205615876364845,0.19335884853080643
codap:178382,0.9243383837469992,0.17861048093004683
codap:178383,0.9243383837469992,0.17861048093004683
codap:178551,0.8395153004958047,0.7995319107169507
codap:178552,0.8395153004958047,0.7995319107169507
codap:178735,0.8349077604018476,0.6564907032407064
codap:178736,0.8349077604018476,0.6564907032407064
codap:178768,0.8248553749538132,0.7047036531723734
codap:178769,0.8248553749538132,0.7047036531723734
codap:178800,0.9188427369865622,0.18344726889858975
codap:178801,0.9188427369865622,0.18344726889858975
codap:178830,0.917646872180967,0.18622853848523846
codap:178831,0.917646872180967,0.18622853848523846
codap:178862,0.9047770424019745,0.2287481119747099
codap:178863,0.9047770424019745,0.2287481119747099
codap:179051,0.8808668061299159,0.2625223876966629
codap:179052,0.8808668061299159,0.2625223876966629
codap:179688,0.8760432586088882,0.4755766598200353
codap:179689,0.8760432586088882,0.4755766598200353
codap:179722,0.8569531015571101,0.6512912597986542
codap:179723,0.8569531015571101,0.6512912597986542
codap:179752,0.9142649812115451,0.2250484573180529
codap:179753,0.9142649812115451,0.2250484573180529
codap:179768,0.9098700532936164,0.24243863498645624
codap:179769,0.9098700532936164,0.24243863498645624
codap:179770,0.9134211750795203,0.22542880608307314
codap:179771,0.9134211750795203,0.22542880608307314
codap:179798,0.9145736359273542,0.22063328030435514
codap:179799,0.9145736359273542,0.22063328030435514
codap:179971,0.8347086975920774,0.8680842106698492
codap:179972,0.8347086975920774,0.8680842106698492
codap:180186,0.8566741714687396,0.4873679787560832
codap:180187,0.8566741714687396,0.4873679787560832
codap:180218,0.9258191016424462,0.16192823075471097
codap:180219,0.9258191016424462,0.16192823075471097
codap:180637,0.8167534527212865,0.9189575632876767
codap:180638,0.8167534527212865,0.9189575632876767
codap:180667,0.9295408972220685,0.14915076689067064
codap:180668,0.9295408972220685,0.14915076689067064
codap:180697,0.9224330410602306,0.17401866796717513
codap:180698,0.9224330410602306,0.17401866796717513
codap:181560,0.840888290992325,0.6864305842138947
codap:181561,0.840888290992325,0.6864305842138947
codap:181596,0.811453175227598,1.0647381732908343
codap:181597,0.811453175227598,1.0647381732908343
codap:181625,0.8999413444146285,0.2775199638383583
codap:181626,0.8999413444146285,0.2775199638383583
codap:181639,0.9069567436940815,0.24031133655284975
codap:181640,0.9069567436940815,0.24031133655284975
codap:181655,0.9079392953481147,0.23463857743513472
codap:181656,0.9079392953481147,0.23463857743513472
codap:181998,0.9008714978062926,0.23581311907423697
codap:181999,0.9008714978062926,0.23581311907423697
codap:182040,0.9002988864106101,0.2469441989576353
codap:182041,0.9002988864106101,0.2469441989576353
codap:182103,0.9273433853861661,0.14851279527783845
codap:182104,0.9273433853861661,0.14851279527783845
codap:182122,0.9379172295684839,0.12314682524220188
codap:182123,0.9379172295684839,0.12314682524220188
codap:182162,0.9371118395206395,0.12491522082768824
codap:182163,0.9371118395206395,0.12491522082768824
codap:183124,0.7841418854034146,1.3286767599031464
codap:183125,0.7841418854034146,1.3286767599031464
codap:183141,0.8831051327513251,0.3384443755421671
codap:183142,0.8831051327513251,0.3384443755421671
codap:183247,0.9077343872534129,0.2248207722254847
codap:183248,0.9077343872534129,0.2248207722254847
codap:183263,0.9130757617758718,0.20663689310185873
codap:183264,0.9130757617758718,0.20663689310185873
codap:183267,0.9123289272774855,0.20913857805817315
codap:183268,0.9123289272774855,0.20913857805817315
codap:183281,0.9170790299708642,0.19060072294837482
codap:183282,0.9170790299708642,0.19060072294837482
codap:183285,0.9166051645868265,0.19237154928555356
codap:183463,0.9068727388685147,0.22626380507767863
codap:183464,0.9068727388685147,0.22626380507767863
codap:183480,0.8500939574626045,0.4372641583076984
codap:183482,0.8500939574626045,0.4372641583076984
codap:183677,0.8436650640624066,0.6220862330171713
codap:183716,0.8231508146072883,0.8344977068843491
codap:183717,0.8231508146072883,0.8344977068843491
codap:183719,0.8202203661446674,0.8673950109141515
codap:183720,0.8202203661446674,0.8673950109141515
codap:183738,0.9344530867342655,0.13222964494525513
codap:183739,0.9344530867342655,0.13222964494525513
codap:183778,0.9335325217202808,0.13572409245898598
codap:183779,0.9335325217202808,0.13572409245898598
codap:184234,0.8822151447591295,0.446478668937516
codap:184236,0.8822151447591295,0.446478668937516
codap:184277,0.8342148535623437,0.94776340273188
codap:184278,0.8342148535623437,0.94776340273188
codap:184314,0.9218452383731801,0.19189676544260692
codap:184315,0.9218452383731801,0.19189676544260692
codap:184354,0.9194892017299026,0.19982227690479704
codap:184355,0.9194892017299026,0.19982227690479704
codap:184793,0.8498305808727764,0.6053403743474064
codap:184794,0.8498305808727764,0.6053403743474064
codap:184833,0.857003761079568,0.544361993656139
codap:184834,0.857003761079568,0.544361993656139
codap:184867,0.9260083255526297,0.16198972655502075
codap:184868,0.9260083255526297,0.16198972655502075
codap:184890,0.9224522875369985,0.17434508838459806
codap:184891,0.9224522875369985,0.17434508838459806
codap:184892,0.9229974469722038,0.17227791126697412
codap:184893,0.9229974469722038,0.17227791126697412
codap:184911,0.921583770066718,0.17701974372084806
codap:184912,0.921583770066718,0.17701974372084806
codap:185345,0.8800285823438116,0.3268719632694683
codap:185384,0.9039421582049272,0.22127367067446357
codap:185422,0.933316663493315,0.13437289769171912
codap:185423,0.933316663493315,0.13437289769171912
codap:185459,0.9336472872196282,0.1334182282198526
codap:185460,0.9336472872196282,0.1334182282198526
codap:185479,0.9231167775753875,0.1570411115042134
codap:185480,0.9231167775753875,0.1570411115042134
codap:185695,0.9355700872220041,0.1274024597294101
codap:185696,0.9355700872220041,0.1274024597294101
codap:185699,0.9303293823372769,0.13045673966030336
codap:185700,0.9303293823372769,0.13045673966030336
codap:185881,0.9030628657108082,0.25079427639821006
codap:185882,0.9030628657108082,0.25079427639821006
codap:185923,0.8301873121461085,0.8480206290380465
codap:185924,0.8301873121461085,0.8480206290380465
codap:185965,0.938644256679936,0.12495421661901673
codap:185966,0.938644256679936,0.12495421661901673
codap:186006,0.9351230570696316,0.13474443820405213
codap:186023,0.9169123853139354,0.19280564103155484
codap:186024,0.9169123853139354,0.19280564103155484
codap:186215,0.8384285276338233,0.5966679629077589
codap:186216,0.8384285276338233,0.5966679629077589
codap:186396,0.8812629387425659,0.3435056581899971
codap:186397,0.8812629387425659,0.3435056581899971
codap:186433,0.8102260940652286,0.9724757657938881
codap:186463,0.9284489206038415,0.15168006577005144
codap:186464,0.9284489206038415,0.15168006577005144
codap:186465,0.9293559444815855,0.14932035173364966
codap:186466,0.9293559444815855,0.14932035173364966
codap:186483,0.9259042397220583,0.1598602447832036
codap:186484,0.9259042397220583,0.1598602447832036
codap:186498,0.9245067052597733,0.1619976769825371
codap:186499,0.9245067052597733,0.1619976769825371
codap:186708,0.9541416370338993,0.07977377567203803
codap:186709,0.9541416370338993,0.07977377567203803
codap:187877,0.7858542637807204,1.360156629645644
codap:187878,0.7858542637807204,1.360156629645644
codap:187910,0.8516681634773704,0.5450659308855847
codap:187911,0.8516681634773704,0.5450659308855847
codap:187930,0.9272549992369932,0.14868726201075333
codap:187931,0.9272549992369932,0.14868726201075333
codap:187944,0.9364268586637081,0.12602090291784407
codap:187945,0.9364268586637081,0.12602090291784407
codap:187961,0.9363742277355414,0.12763984124330818
codap:187962,0.9363742277355414,0.12763984124330818
codap:187977,0.9375169096551872,0.12384196499715472
codap:187978,0.9375169096551872,0.12384196499715472
codap:187979,0.890532100814653,0.32139561725261956
codap:187980,0.890532100814653,0.32139561725261956
codap:188170,0.9011587946849886,0.23841864417704528
codap:192769,0.8374172954272581,0.666722483707872
codap:192770,0.8374172954272581,0.666722483707872
codap:192780,0.8302847817335532,0.7192656147644811
codap:192781,0.8302847817335532,0.7192656147644811
codap:192862,0.856355466008381,0.5261923187356388
codap:192868,0.8495710102690737,0.5499708524982907
codap:192991,0.8151800665350493,0.8069281044804484
codap:193059,0.8303683266988173,0.7504028277098769
codap:193090,0.941530299079659,0.12304467363173899
codap:193120,0.8066247116228169,0.9725761021138624
codap:193166,0.8580829674285724,0.4250619125925823
codap:193258,0.8336750742266759,0.6510208919767138
codap:193264,0.8325395229726382,0.6590204463116152
codap:193384,0.8480165623700486,0.5094617936267696
codap:193431,0.8307637078562493,0.6483419505516395
codap:193454,0.8373507391838757,0.5991972221088417
codap:193574,0.849897335546757,0.5015543481842997
codap:193592,0.84420260767115,0.5515843392117858
codap:193613,0.8319553928354253,0.6620492537690552
codap:193630,0.8374230220078971,0.6462075855370131
codap:193662,0.9069390011381984,0.2246226824927362
codap:193673,0.8466725812331788,0.5346980036649711
codap:193694,0.8344870901919421,0.6536156891691007
codap:193718,0.8384820420287724,0.6573398717221153
codap:193733,0.8271647716396728,0.7373906053705923
codap:193765,0.9239320679375851,0.16511900730893103
codap:193776,0.8952988302594349,0.26818112092450974
codap:193880,0.8648605693492755,0.46708709334370724
codap:193914,0.8116666490395801,0.9180808751523273
codap:193923,0.8256820319281815,0.7674413216018365
codap:193931,0.8496307759066895,0.5505310495284448
codap:193989,0.8676505688504221,0.3976808317108862
codap:194163,0.8620666830347545,0.4595529795165021
codap:194282,0.8970225652410591,0.21446838097244836
codap:194286,0.8972576997662145,0.2140805948833986
codap:194293,0.8973923961889341,0.20601626005418439
codap:194296,0.896331008110792,0.20957161758997245
codap:194312,0.8970677039969814,0.22298819051275132
codap:194321,0.8962143947342156,0.2379745068151351
codap:194324,0.8958890866274487,0.23949235559121007
codap:194331,0.8793829676915266,0.3422960059365323
codap:194333,0.9003352150662067,0.23600868083030946
codap:194339,0.8700759189787277,0.40801127528629877
codap:194348,0.863371888380243,0.4643533344728894
codap:194371,0.866341761434569,0.3896401573520052
codap:194395,0.8715091512422077,0.3719424457740388
codap:194419,0.8674222967933929,0.38667857068867306
codap:194468,0.8638805061332278,0.4254804757774764
codap:194481,0.8573367441476876,0.47314187727533863
codap:194505,0.8580066541271663,0.44061173520231023
codap:194519,0.8640510342343077,0.42791233454954636
codap:194543,0.8599582592378283,0.4416012057190528
codap:194567,0.8734551689890395,0.35977217202889733
codap:194578,0.8708574200204566,0.36809653110367435
codap:194600,0.8598853168255118,0.4202611684349904
codap:194646,0.8663247956078521,0.40732345910191725
codap:194695,0.8676548035480209,0.37731894470334737
codap:194760,0.8476781699648654,0.514782275466132
codap:194803,0.8662947230532154,0.3950441713845976
codap:194822,0.8673558627606326,0.39065217870665947
codap:194842,0.8366277259292474,0.5546258897443295
codap:194848,0.8480539083720942,0.46943203408591216
codap:194868,0.8266599234214027,0.589762604641237
codap:194892,0.8292243138889717,0.5861668760680914
codap:194915,0.8318932516519908,0.5296109024322959
codap:194935,0.8332399859978068,0.5443965456813658
codap:194952,0.8395310708767738,0.475883905059618
codap:194988,0.8315813144238291,0.4943633500506621
codap:194997,0.8355856463192595,0.46127230002844044
codap:195037,0.8496913305632461,0.39222661642793355
codap:195041,0.8491095102751842,0.3955707183456525
codap:195062,0.8500032826786992,0.389645300148004
codap:195086,0.8485735250148991,0.4289223804705671
codap:195107,0.8489940019092046,0.4270235619264895
codap:195131,0.8510413677333872,0.44699433620030504
codap:195153,0.8602037222035506,0.4027331630466051
codap:195322,0.8512238813032127,0.4505464093081173
codap:195368,0.8746019627737951,0.3737520458994368
codap:195410,0.8604355440520521,0.46403038055177603
codap:195449,0.8628596968949296,0.36188163331667056
codap:195516,0.8541060961081257,0.48871961165309585
codap:195539,0.8595346848940153,0.4564313003966163
codap:195568,0.8512344325249614,0.5128697964491948
codap:195708,0.8563052618540041,0.42818669705934553
codap:195734,0.8586001516152919,0.4363746458539026
glodap:168662,0.8515211500209716,0.6219936676873203
glodap:168986,0.8421640320802908,0.5656528097952105
glodap:169399,0.8464082461666749,0.719636353796659
glodap:169518,0.8642012997902384,0.46897975711931394
glodap:172505,0.8693984848141554,0.4574237155695755
glodap:172601,0.8631598935489819,0.5014816739010257
glodap:173397,0.8964870793213322,0.3162095714401403
glodap:173415,0.8709495116943344,0.4911913014407219
glodap:173759,0.8891468031927161,0.35396916862964645
glodap:174250,0.8429922291243201,0.5561319463665768
glodap:206578,0.8939635428851034,0.4036825876464718
glodap:206864,0.8758825061631796,0.584024866591335
glodap:207103,0.8369520325588837,1.1531448179305244
glodap:207530,0.8760494203943381,0.4359891320277711
glodap:208404,0.8295562622276975,0.8365818908794154
glodap:208695,0.8701634047413336,0.4629285146604616
glodap:378688,0.7946890099174198,0.5834241420629951
glodap:378721,0.792721519689394,0.60777314679558
glodap:378742,0.7810619654628681,0.720893201651279
glodap:378796,0.7781995726734294,0.7689734967987079
glodap:378814,0.7727923597283279,0.8228466854698127
glodap:378948,0.7845085993874363,0.6925527752405287
glodap:378979,0.7866807467892158,0.6742656297903977
glodap:379378,0.7886485422470741,0.6126678427849583
glodap:379442,0.7866681496227557,0.6250652154346881
glodap:379492,0.7865036210932885,0.6283865026762214
glodap:379532,0.7861179698727483,0.6271263193291361
glodap:379554,0.7879126140801418,0.6170407755639644
glodap:379615,0.7880795130654406,0.6171732077652905
glodap:379634,0.7890755344085392,0.5986019943195515
glodap:379652,0.7860770378442794,0.6193726105148016
glodap:379723,0.7844072414493439,0.6371401946876176
glodap:379909,0.7832715429358359,0.6413777533871325
glodap:381079,0.8099456062500394,0.6059229753409454
glodap:381109,0.8073110853995331,0.5973915638285234
glodap:390075,0.7910238342226421,0.6054354683828933
glodap:390101,0.7893004791287694,0.6223059534811455
glodap:390122,0.7898352260399406,0.6142116912105848
glodap:390140,0.7896306458596882,0.6112753970348876
glodap:390175,0.790707285632152,0.6040279831793214
glodap:390191,0.7909285704167814,0.5975027104768742
glodap:390286,0.7971630783813453,0.5776551236422165
glodap:390295,0.796118024828047,0.5862342402010654
glodap:390301,0.7937600997026948,0.6029450639166498
glodap:390305,0.7937400663538483,0.601215282281828
glodap:390405,0.7921075633137207,0.5712263881437138
glodap:390423,0.7979484634909113,0.531001287244635
glodap:390561,0.7969118956823422,0.5505128034881182
glodap:390709,0.7895873623376701,0.5990996698551498
glodap:390744,0.7935097378199316,0.5693266400689936
glodap:390779,0.7895561107359299,0.607584174438216
glodap:390815,0.7895630296659419,0.6012110812221181
glodap:390847,0.7908879165677263,0.5893588963326692
glodap:390875,0.790818584112003,0.5867653660268388
glodap:390902,0.7920066624958508,0.5796661869169384
glodap:390934,0.7894606941647453,0.5925856779047081
glodap:390949,0.7914112222622407,0.5913112563723644
glodap:390985,0.7899820989098316,0.593022311409868
glodap:390995,0.790775329334565,0.5927785893773034
glodap:391010,0.7907286110414589,0.5854753692206032
glodap:391030,0.7892674129991519,0.5944647864766921
glodap:391054,0.790812320203031,0.5869579115412762
glodap:391081,0.7882690704070683,0.6059181474952311
glodap:391109,0.7904567297109679,0.590189471065969
glodap:391140,0.7882377693340459,0.6023567303229811
glodap:391175,0.7882821118798802,0.5928189164953892
glodap:391211,0.7904496682854187,0.5893403259633487
glodap:391247,0.7886702411335591,0.605531191419459
glodap:391283,0.7881069386126001,0.6076241779089742
glodap:391319,0.7895670550358318,0.59985701648543
glodap:391352,0.7860115973776374,0.6355585148833143
glodap:392678,0.8239144510412189,0.6301467885596139
glodap:392711,0.8226374684406892,0.6493787822325885
glodap:392741,0.8264549457085195,0.6324536334554978
glodap:392770,0.8269981250552974,0.6284571233527458
glodap:392825,0.8278307995251453,0.6310217395516702
glodap:392851,0.8356147785725625,0.600638904328207
glodap:392872,0.8448344506296053,0.5611643017330152
glodap:392888,0.8493763667827352,0.5354626596956678
glodap:392904,0.8510283958462423,0.521883315705054
glodap:425438,0.8423323719871405,0.4714512526793442
glodap:501063,0.7943949566338233,0.5982945913447111
glodap:501191,0.7937192935705752,0.5937707128096008
glodap:501293,0.8002905491134698,0.5729513647963813
glodap:517154,0.8236343093724372,0.9932647244593227
glodap:537854,0.8540383932856912,0.6342231760720551
glodap:537867,0.8094035147039449,1.294002387656974
glodap:537879,0.8145142880753156,1.1916793646973929
glodap:537891,0.8301847513048415,0.9430340520480058
glodap:537904,0.8223004112628587,1.0598866584264215
glodap:541616,0.8796713916344743,0.7078238469407552
glodap:541628,0.8780026907038518,0.6845573831890306
glodap:541640,0.8736775675797617,0.7411311154896794
glodap:541663,0.8399943926815467,1.190702944604027
glodap:541675,0.8593644661686994,0.9099019728703297
glodap:542733,0.88655949856593,0.35803926571088596
glodap:569599,0.8664966597048078,0.5110130973032483
glodap:569623,0.8718811960841322,0.47992079311984526
glodap:569704,0.8724174575156667,0.4692288973194536
glodap:569872,0.8629398504074288,0.5005765810287812
glodap:569944,0.8479090847636144,0.6166004749170497
glodap:570076,0.8435707640473993,0.6785188579947317
glodap:570170,0.8559526995354645,0.5495021671679297
glodap:570290,0.8583726773044873,0.5244177712727378
glodap:570338,0.9130661190592946,0.21625181604349564
glodap:570377,0.9390152294627114,0.13098416837647164
glodap:570647,0.8954571076033062,0.28826445649519883
glodap:570671,0.8914508946663773,0.3090052947768527
glodap:571007,0.8739626108131233,0.3848773972208619
glodap:571079,0.8757430399855366,0.38668849176747244
glodap:571102,0.8511297194063445,0.5583360361715677
glodap:571179,0.871785391901085,0.3805267370312322
glodap:571227,0.8478547304189306,0.5083476540110041
glodap:571312,0.8284675642589718,0.6412029297709978
glodap:571336,0.8345879297521606,0.5618336776308297
glodap:571384,0.8492167545471148,0.4840085019727667
glodap:571456,0.8474274773361685,0.49903900512026667
glodap:571504,0.8444994120254705,0.5140317752939154
glodap:571755,0.8430959685092603,0.5311208917787553
glodap:571803,0.8459313971516167,0.4708923090938697
glodap:572984,0.8478489483554768,0.6216108032992906
glodap:573003,0.8410090961558581,0.6349553854342957
glodap:573116,0.8213489351330736,0.7197814605551685
glodap:573152,0.8268782574996294,0.6588372146261463
glodap:574376,0.795555410672705,0.6374924099072814
glodap:574412,0.7972171142307616,0.6117148213961627
glodap:574448,0.7964734527358814,0.6180601144958473
glodap:574484,0.7942104405130976,0.6344770975617848
glodap:574520,0.7963004403536615,0.600235598816198
glodap:574556,0.7932247515400377,0.6188808286642598
glodap:574592,0.7971276082130316,0.5954706639017786
glodap:574628,0.7979029865423399,0.5884510120736195
glodap:574664,0.7974730474170428,0.5887741886808726
glodap:574700,0.7959399851931721,0.599156220657278
glodap:574733,0.7953127084656444,0.5926844044422523
glodap:574764,0.7942569059161997,0.6126485496158693
glodap:574790,0.795104367788781,0.6083583964184527
glodap:574809,0.7941501855916613,0.6170164589998421
glodap:574820,0.7931280377486019,0.6201647367033729
glodap:574870,0.7934465785003795,0.6087188987328318
glodap:574892,0.7941576188670751,0.6029365132155817
glodap:574917,0.794860495928333,0.5975428803035356
glodap:574947,0.7940590253037954,0.6036969641957057
glodap:574981,0.7934354611136314,0.6152213020081945
glodap:575017,0.792956544072922,0.6203952162513815
glodap:575053,0.7957472273262738,0.5901249811363414
glodap:575089,0.7965203558987923,0.5920777312185237
glodap:575125,0.7958524915006819,0.5947556544892905
glodap:575161,0.794377255803056,0.6038114726559343
glodap:575197,0.7971522453005946,0.5811485131957852
glodap:575233,0.7967194439172545,0.5895938238159033
glodap:575269,0.7954579535560242,0.5929490690205057
glodap:575341,0.7980298330237474,0.5820107697888943
glodap:575377,0.7985450653318367,0.5779408842570319
glodap:575449,0.7980896486051279,0.5798945550266126
glodap:575485,0.7979732254539158,0.5726996996170328
glodap:575519,0.8042902888514618,0.5318622934325958
glodap:575550,0.8038569294517401,0.5334729819089716
glodap:575575,0.804780729432423,0.5323637863421027
glodap:575597,0.8039408356653439,0.5377257574195937
glodap:575616,0.8045391924774776,0.5381757076961549
glodap:575631,0.7736856075875949,0.8323957149400485
glodap:575638,0.773601212370977,0.8399084514644528
glodap:575645,0.772770436367864,0.8502287982905727
glodap:575653,0.7740064874419659,0.8467546576821405
glodap:575673,0.777280390386295,0.8329307590297503
glodap:575705,0.7817444675529259,0.7980196260732555
glodap:575725,0.7812556113467508,0.8146784205503081
glodap:575749,0.7487427639914586,1.2224635556206067
glodap:575773,0.764989644944535,0.9966007140037618
glodap:575799,0.7662215093153009,0.9765493645702463
glodap:575832,0.7669830541979081,0.975532178228832
glodap:575904,0.779341686059297,0.8429994824412006
glodap:575940,0.7860148767383635,0.7639768751562315
glodap:594641,0.7977531932399415,0.6710771506468518
glodap:594713,0.7962492835540615,0.6646096912063513
glodap:594745,0.7969315065845421,0.659748630719605
glodap:594763,0.7945343798432987,0.6268459164257365
glodap:594780,0.7921818924148738,0.6525922879889094
glodap:594800,0.7919495906219254,0.6436808595024104
glodap:594821,0.7890924483197068,0.660915907036042
glodap:594844,0.7941275883126764,0.6176771603522866
glodap:594865,0.7905691187795583,0.6628054329423776
glodap:604222,0.7879164179864802,0.5714511597163892
glodap:605192,0.839145349982573,0.4210875340700113
glodap:605216,0.8212516104053975,0.4938030577184236
glodap:605286,0.8072140064248288,0.5359955198721309
glodap:605600,0.8191580851751041,0.5252189427801568
glodap:605672,0.8159131994552808,0.5309005975102536
glodap:641137,0.7815143786833687,0.8744089796850858
glodap:724106,0.8610053771280946,0.5634350724064916
glodap:724131,0.8593526944291625,0.6176251396354928
glodap:724132,0.8600203464254719,0.6143380813423391
glodap:724156,0.8766736869704346,0.48108421908023047
glodap:724175,0.8705859345861882,0.514915978623776
glodap:724187,0.8797696264252863,0.456988297832595
glodap:724188,0.8766231664960742,0.4821727475687112
glodap:724196,0.8908471709048627,0.3619748812618582
glodap:724205,0.8818369430275652,0.40324541260065416
glodap:724206,0.8849679938552981,0.3825287784889042
glodap:724218,0.8790445634754178,0.4709703391069979
glodap:724231,0.8847743045359948,0.4169435567810069
glodap:966118,0.8005774694565844,0.6368210873865792
glodap:966142,0.7999841619430299,0.6418683831802809
glodap:1055719,0.883759398539496,0.4817921787985142
glodap:1055962,0.8892650327134106,0.5351057594079975
glodap:1056093,0.8891837333053445,0.47010244892453557
glodap:1056432,0.8942411778375572,0.39580562271385133
glodap:1056456,0.9208153122708609,0.2686939372078996
glodap:1056469,0.9037183286591244,0.39570671541014235
glodap:1056872,0.8992444525356404,0.41765170881353697
glodap:1056903,0.8985722816423731,0.42734468333082987
glodap:1066669,0.8514052100440495,0.5882739421201677
glodap:1066680,0.8573697651893326,0.5322501169980569
glodap:1066701,0.8598616172962465,0.49094837875190933
glodap:1066718,0.8199236063635453,0.8046415053627243
glodap:1066738,0.8256707623183956,0.7417333524369951
glodap:1066761,0.8326649764037484,0.7028867746234937
glodap:1066783,0.8321469784484634,0.7273091683430266
glodap:1066804,0.8464901887275573,0.5964413881104065
glodap:1066857,0.8180213420807831,0.883473449228859
glodap:1066863,0.840490776060733,0.5596174202783004
glodap:1066882,0.8393775315691983,0.5809368981970238
glodap:1066905,0.8099902909773391,0.9851328902079786
glodap:1066920,0.8023420743754741,1.0876595602985617
glodap:1066952,0.9021933931380772,0.26168498632250703
glodap:1066965,0.9744367292307743,0.05387054568905114
glodap:1066968,0.9741887549080275,0.054156335926336396
glodap:1066971,0.8818608598330684,0.3889866256381538
glodap:1066978,0.8886891191427821,0.3433076358651306
glodap:1066990,0.8528802327673475,0.5776616054579335
glodap:1067005,0.8521923626603893,0.5052296275864592
glodap:1067019,0.8451246699526109,0.565318079340841
glodap:1067039,0.8367178682888152,0.6433774574393283
glodap:1072001,0.8581128932696629,0.44543545724309297
glodap:1072166,0.8610475754933304,0.43885361995990024
glodap:1072226,0.8631233739765776,0.4170182249310983
glodap:1072253,0.8569835554008023,0.44466500482371885
glodap:1072275,0.8520948531586328,0.4593021515554483
glodap:1072300,0.8421233610440595,0.5197419103819811
glodap:1072322,0.8459439636296793,0.48229059133086594
glodap:1072353,0.8440424352361333,0.4854651471973739
glodap:1072372,0.850825896669221,0.43298501131198464
glodap:1072395,0.8456808302273657,0.45307699797399437
glodap:1077209,0.9364843632542943,0.1364096957036054
glodap:1077221,0.8978296666086862,0.289224367886618
glodap:1077233,0.8591097005651136,0.5115681605982445
glodap:1077245,0.8452347492802801,0.6126013781913571
glodap:1077258,0.9061724205125756,0.24643252984105857
glodap:1077264,0.8534935154593768,0.5703467395310327
glodap:1077274,0.8480569931914488,0.5922395778877672
glodap:1077282,0.8252976262601806,0.7965616556671193
glodap:1077292,0.8400650621608747,0.5937685267601864
glodap:1077304,0.8651294217950181,0.4192756893883143
glodap:1077316,0.87434112047913,0.37149540486961996
glodap:1077328,0.8819339188894446,0.3433722937179482
glodap:1077339,0.8975392020515756,0.2736390564791691
glodap:1077350,0.836452672937412,0.7014194006474099
glodap:1077360,0.8780149508372688,0.37021536914130593
glodap:1077372,0.8732153428700258,0.4085758329863438
glodap:1077384,0.8817167909246564,0.35605411214282867
glodap:1077395,0.8860516797994933,0.3393397214849756
glodap:1077404,0.8785392714453337,0.3741447250113197
glodap:1077411,0.8503313229073228,0.4706600456643173
glodap:1077423,0.8457968427283049,0.4950141525521303
glodap:1077435,0.8181366973394688,0.7863947805856242
glodap:1077447,0.8199817796382831,0.7789755328831234
glodap:1077456,0.833224091880993,0.641402995763201
glodap:1077464,0.8233913425260653,0.7566662802842075
glodap:1077476,0.8237873011071315,0.7239721016901512
glodap:1077488,0.8396217924412213,0.590165638180224
glodap:1077498,0.8215649979433692,0.7545423343244693
glodap:1077510,0.8356346960629253,0.6299805363391897
glodap:1077522,0.8412993613101207,0.5889099578348578
glodap:1077545,0.8658866445580315,0.4141167400530321
glodap:1077567,0.8381128608623385,0.5990700600730179
glodap:1077589,0.8554998005386096,0.4344700966751134
glodap:1077613,0.8674545468716133,0.4850634329368404
glodap:1077650,0.8712493775528856,0.4802802215781412
glodap:1077677,0.8567534405206061,0.6165918607234744
glodap:1077701,0.8838929116213876,0.4422583599339305
glodap:1091719,0.8469085417286806,0.6452344362110125
glodap:1092136,0.8459752130099787,0.583998706130842
glodap:1092296,0.8194397747704443,0.466921388679566
glodap:1092331,0.8020019096168198,0.5321446582070166
glodap:1092355,0.8050576557968725,0.5198531132759854
glodap:1092379,0.8070824518822519,0.5010584234034923
glodap:1092403,0.8046609955811164,0.5123897505209243
glodap:1092451,0.8115337866488517,0.48071413011643926
glodap:1168919,0.7971010188052787,0.5869360147623865
glodap:1168934,0.7995844526271867,0.5494424198916477
glodap:1169026,0.7985949202370648,0.5596386007000547
glodap:1169046,0.8012874144365014,0.542651562484707
glodap:1169119,0.8000618612227299,0.5781589897515005
glodap:1169150,0.7963296059194818,0.601352189269619
glodap:1169166,0.7954013871701591,0.6077922691149524
glodap:1169186,0.7970012624591618,0.5960260360595839
glodap:1169210,0.799519296185963,0.5879995583104574
glodap:1169234,0.7953558282722497,0.6119734230333052
glodap:1196880,0.8939211725326004,0.38116772272087474
glodap:1196886,0.8867071134775415,0.4329301197853965
glodap:1196892,0.8665164192341308,0.6127960645169424
glodap:1196898,0.9032387433321674,0.31548331634030546
glodap:1196905,0.8826473652145523,0.4610576284928811
glodap:1196916,0.8807008364810827,0.47944559572329126
glodap:1196931,0.8935422646113693,0.4406355406263174
glodap:1196949,0.8932047765558764,0.47454674855498524
glodap:1196965,0.8805985651479205,0.5610450751821645
glodap:1196976,0.8996821462048956,0.39822874170135947
glodap:1196991,0.8936195439875974,0.43396199653534495
glodap:1197009,0.8865945079528501,0.4920674790414523
glodap:1197038,0.8945519998196687,0.4470659929613703
glodap:1197115,0.9000939068414482,0.37844864711405535
glodap:1203246,0.8887598326891748,0.4983409563881196
glodap:1203265,0.8797873699018055,0.5784960512828548
glodap:1203276,0.8788983789204394,0.5872278362098768
glodap:1203291,0.886732322938542,0.5106020002490368
glodap:1203305,0.8794999783306139,0.5317889888199261
glodap:1203317,0.8865606694294001,0.4712845654553348
glodap:1203333,0.8857637860473915,0.46402926298856073
glodap:1203339,0.8857426894005584,0.4650683046015729
glodap:1203345,0.8873978957415147,0.4336572942215753
glodap:1203430,0.8934830109944869,0.4722874747865262
glodap:1203448,0.8686598753160979,0.7111393071782004
glodap:1204341,0.8918562294281855,0.3983323404690964
glodap:1204347,0.8613224712191823,0.6503812820612893
glodap:1204353,0.8826770965322339,0.4710768149452633
glodap:1204359,0.869429222047529,0.5679236599023625
glodap:1204366,0.8906680856493949,0.3942697973131999
glodap:1204381,0.8823213796886193,0.47984235638091377
glodap:1204395,0.8795902522467713,0.49307529659904503
glodap:1204404,0.9077777875281754,0.2822293433748655
glodap:1204430,0.8965629647739206,0.393149959900029
glodap:1204454,0.8761553765370991,0.5573413006156898
glodap:1204464,0.8698921807656461,0.6254624192483789
glodap:1204474,0.8853189038213714,0.4873873645262847
glodap:1204485,0.8589795709865484,0.7688253610156153
glodap:1204493,0.9094566951168872,0.31284625655598575
glodap:1204511,0.899742132318579,0.38936225675479363
glodap:1204562,0.896168103005266,0.4029315492925889
glodap:1204568,0.9018892496289936,0.36160948583619756
glodap:1204593,0.8898857446806687,0.4589090819786179
glodap:1204608,0.8814672129281007,0.5141798892962015
glodap:1204614,0.8851594588595617,0.4795702244741733
glodap:1204620,0.877057560077219,0.5293767337163899
glodap:1204626,0.8772599897845339,0.4974704828537142
glodap:1204638,0.8830915908931729,0.4493173143421245
glodap:1204643,0.8920655825347694,0.38219439633007823
glodap:1204654,0.8891796694015284,0.414719243825175
glodap:1204678,0.880007360962054,0.4605751321525986
glodap:1204710,0.8956701378490379,0.395291309465847
glodap:1204755,0.8791590829569031,0.5485869304447988
glodap:1205849,0.9280098011088285,0.1912749656635242
glodap:1205852,0.8740346471402063,0.5241741337849817
glodap:1205856,0.8903384247114445,0.3873486486543243
glodap:1205861,0.8980034287646959,0.33263585427584985
glodap:1205867,0.8961119266803053,0.3478805946738248
glodap:1205873,0.8978046028767039,0.33578699394115574
glodap:1205880,0.9022822945705684,0.3129348831766947
glodap:1205889,0.8997338710926215,0.32867988270982096
glodap:1205901,0.8982365928582112,0.36751199768696097
glodap:1205914,0.8975300815186529,0.38471094715850995
glodap:1205928,0.9051951194078356,0.34958157562368797
glodap:1205937,0.9090798961969995,0.30791515817190884
glodap:1205947,0.8951714759998595,0.40825764875080495
glodap:1205957,0.8985954236047746,0.3654972600693327
glodap:1205968,0.8968883690185976,0.3677391394883216
glodap:1205981,0.8899879262016839,0.4179820752001433
glodap:1205996,0.8739795604058145,0.5523763743824475
glodap:1206030,0.904187251401936,0.3512844851261434
glodap:1206042,0.9035309723033151,0.3566808707207656
glodap:1206072,0.89656117806976,0.4233230442580407
glodap:1206088,0.8938783509399855,0.40058366366770315
glodap:1206118,0.8924817869253729,0.4208155752946823
glodap:1206132,0.898488558467534,0.3821699945901855
glodap:1206149,0.8902275038096832,0.38742818129412626
glodap:1206155,0.8916801055383985,0.3765233989593071
glodap:1206161,0.8807046630699915,0.45518014718822997
glodap:1206252,0.8833225284276978,0.44740965384812625
glodap:1206264,0.8827222266279477,0.44066322213211606
glodap:1206272,0.8885676389288619,0.4059582579106973
glodap:1206276,0.9131716919778228,0.27378768881339965
glodap:1206280,0.9022662634936296,0.3368159946639935
glodap:1206292,0.8921312742563714,0.38559685185259696
glodap:1206296,0.8731741935421269,0.5071411228439047
glodap:1206300,0.8793198727510116,0.4785129181452703
glodap:1206424,0.8950685140407586,0.3979683171760371
glodap:1206434,0.8858118461887443,0.4684502244901978
glodap:1206445,0.8762940725428052,0.5070700786709494
glodap:1206457,0.8785715989606615,0.4796622788830973
glodap:1206471,0.8948771143850536,0.3271940376089333
glodap:1206489,0.8760357754822508,0.4544731403652804
glodap:1206509,0.8736869890185517,0.4634338863024823
glodap:1206519,0.880654744209096,0.40387415805389537
glodap:1206529,0.8828370081118919,0.39366329067388506
glodap:1206549,0.8489335305885106,0.6957564608837856
glodap:1206651,0.8672616811945772,0.49980787454524034
glodap:1206661,0.8837410022947552,0.4163689662696015
glodap:1206681,0.878157204236004,0.525589851059749
glodap:1206689,0.8664469352384003,0.633603162459849
glodap:1207862,0.8884389264826495,0.4336026984960881
glodap:1207863,0.888609498521646,0.4318222503468405
glodap:1207867,0.8847515383995415,0.46064167061354055
glodap:1207873,0.883663899779549,0.4677340743191962
glodap:1207886,0.8805637914770159,0.5038072926427049
glodap:1207893,0.8796328970270224,0.5121537375616754
glodap:1207894,0.8800406605396347,0.5085474576835622
glodap:1207901,0.8808919030379911,0.5109215056049834
glodap:1207911,0.8934948156834253,0.4036873782151815
glodap:1207912,0.8833056989051329,0.48489187312134163
glodap:1207923,0.8939254565202646,0.4127133660456366
glodap:1207924,0.8869389806452546,0.46885463903367963
glodap:1207936,0.8875277158624613,0.5096548640458423
glodap:1207950,0.8901119790705252,0.4898801560298125
glodap:1207965,0.8882872491140006,0.49780664754803183
glodap:1207966,0.8867114910151486,0.5120412832941383
glodap:1207980,0.8915935202951459,0.46965921582909687
glodap:1207994,0.8878260215499267,0.5038788499261955
glodap:1208005,0.8884445126416267,0.5004941983183926
glodap:1208015,0.8860756742540161,0.5075215055660465
glodap:1208016,0.8893868560599003,0.47802910263749254
glodap:1208031,0.8861476795827912,0.518081176200667
glodap:1208032,0.8876990870942336,0.5036948868932996
glodap:1208040,0.8888362923228215,0.5089061222122382
glodap:1208044,0.8911800387106723,0.5064242341272802
glodap:1208050,0.8881135552742307,0.512707850472907
glodap:1208061,0.8879535828662029,0.5021672618661341
glodap:1208089,0.8918771711792033,0.4779881378171922
glodap:1208104,0.8865245158253856,0.5206823818400608
glodap:1208133,0.889365198428095,0.4753593222985728
glodap:1208146,0.8898694900228747,0.4718472315721556
glodap:1208165,0.8816750621556366,0.5212191791358691
glodap:1208172,0.8908741829873179,0.4193504328468407
glodap:1208179,0.8816412231381037,0.4920946159727464
glodap:1208197,0.8709146320168202,0.6348458823244982
glodap:1208208,0.8844116889536053,0.4672563063843427
glodap:1208215,0.8847721132494826,0.4679535315622161
glodap:1208222,0.8902075866969881,0.4215978381905643
glodap:1208230,0.881116161526279,0.5023661757452373
glodap:1208236,0.8799407750198043,0.5210384630192948
glodap:1208375,0.8757297923102669,0.5015392755858556
glodap:1208632,0.8830971296174539,0.47969312174609513
glodap:1208711,0.8959154184856288,0.4516020201679112
glodap:1208770,0.8933805854410366,0.5122253429087777
glodap:1208779,0.8936269303237623,0.5089868065101655
glodap:1208788,0.896912839739116,0.4647297898281977
glodap:1208799,0.8967475081692555,0.46253625752433436
glodap:1210769,0.8447718773711586,0.46574400973122465
glodap:1210794,0.8388359133289214,0.4897360615755133
glodap:1210818,0.8406938659068146,0.48408110192053755
glodap:1210834,0.8288711481386599,0.6125786512993727
glodap:1210894,0.8465390408841813,0.46334629310672426
glodap:1210918,0.8454596505969221,0.45751763810039847
glodap:1210941,0.8465611236279074,0.46840738960509043
glodap:1211044,0.8499825670696737,0.452174983015766
glodap:1211068,0.852722225769412,0.43281556753186123
glodap:1211112,0.8468530248694606,0.4659345753141224
glodap:1211135,0.8485963287275808,0.455684171579378
glodap:1211157,0.8447698780396422,0.47596086107841984
glodap:1211179,0.8470841684811603,0.47029575717238004
glodap:1211214,0.8475471744065999,0.47436738807618894
glodap:1211232,0.8449681161634999,0.4725214911168223
glodap:1211251,0.8457029272897216,0.4736655782255639
glodap:1211272,0.8532085631952668,0.4600794535001569
glodap:1211288,0.8586927771707451,0.4382665827215533
glodap:1211331,0.857201501880354,0.44656325637424743
glodap:1211355,0.8548161302994686,0.4554726021931401
glodap:1211381,0.8657030683903031,0.41957393394864084
glodap:1211422,0.9080780938033968,0.2132573783665066
glodap:1211440,0.8835244595829863,0.31984124319478724
glodap:1211518,0.862787176521806,0.431976242936571
glodap:1211526,0.872938257648002,0.382596250894494
glodap:1211628,0.8697393738211758,0.40261269304664893
glodap:1211652,0.8742285470116258,0.37370192592243257
glodap:1211693,0.896138733495718,0.28067416646854326
glodap:1211757,0.9364350561668289,0.12963962058574907
glodap:1211762,0.866800008125665,0.47332686272102364
glodap:1211765,0.8709482990570905,0.44382014601842457
glodap:1211773,0.8528987814640914,0.5820126382891431
glodap:1211821,0.8625886318379798,0.45580746390078275
glodap:1211880,0.8609486245759399,0.45103886071024135
glodap:1211922,0.8590029461340691,0.5059864606216706
glodap:1211941,0.8603520327162641,0.5119924078951499
glodap:1211959,0.8605513364536819,0.5097508449705401
glodap:1212010,0.81211697393951,0.9530173997586644
glodap:1212032,0.818557614561314,0.8799995505953575
glodap:1212045,0.8317308781195152,0.7268402129629976
glodap:1212124,0.834765833600386,0.6660715227553737
glodap:1212142,0.8238314705374705,0.7943730412921468
glodap:1212157,0.8230897219523285,0.79527266432342
glodap:1212196,0.8564248178702201,0.5881026963363638
glodap:1212245,0.8460650755130246,0.5868557953924665
glodap:1212318,0.8026555150236163,1.1434326770774987
glodap:1212343,0.8353839760832216,0.6874811842797044
glodap:1212401,0.859601826401331,0.4554350378930394
glodap:1212421,0.8570573141771547,0.48933455052588215
glodap:1212443,0.8465768505286633,0.5814885270804098
glodap:1212518,0.8644977367978299,0.5039998042063871
glodap:1212531,0.8406076564056093,0.6950086594486038
glodap:1212559,0.8173518421272092,0.9325988283530933
glodap:1212582,0.8311036455561407,0.7975011417631777
glodap:1212598,0.8337078595593539,0.7722539858186792
glodap:1212637,0.852978984587935,0.5369169043972306
glodap:1212649,0.8528304478709288,0.5668761283548065
glodap:1212794,0.8851808268773311,0.3646498709588286
glodap:1212828,0.9038743346900446,0.258234132224743
glodap:1292288,0.8437819090065659,0.6651439695349382
glodap:1294799,0.8588222756368395,0.49856283192252704
glodap:1294914,0.8810626788344962,0.39229603607532226
glodap:1294933,0.8856743481906051,0.3781328854224739
glodap:1295021,0.8707305866373645,0.4241653332981059
glodap:1318113,0.8827444698963518,0.5693064511365264
glodap:1318114,0.834873879080078,0.9519912736902825
glodap:1318145,0.899435008945602,0.4153706197507745
glodap:1318153,0.8920393985267765,0.44365446021720345
glodap:1318154,0.8754248471661867,0.5978649193905312
glodap:1318161,0.8399605381068795,1.0223309960526876
glodap:1318162,0.8447179679403689,1.0136339234557
glodap:1318178,0.8079262502535585,1.72128046844432
glodap:1318192,0.835424082790496,1.3752147847171727
glodap:1318203,0.8946713379118592,0.42362259466926844
glodap:1318212,0.8350726982221204,1.0086228316185952
glodap:1318213,0.8504592734498146,0.8890422144686454
glodap:1318215,0.8870664388316527,0.47810089814947787
glodap:1318260,0.885808543517669,0.48595899002270926
glodap:1318263,0.882764106487457,0.6000525729928086
glodap:1318272,0.8806226679603242,0.6058296549663282
glodap:1318283,0.8317252559327244,1.3363798860852967
glodap:1318295,0.8283898183385645,1.0834741707510602
glodap:1318306,0.8616205178107066,0.6764571694204733
glodap:1318361,0.8848485558874017,0.5685828171353933
glodap:1318362,0.8700873985130784,0.7091506561325787
glodap:1318367,0.8386655851447813,0.9059593476099508
glodap:1318385,0.901318706567281,0.32522093254056017
glodap:1318389,0.8289109742111123,1.270721879832081
glodap:1318404,0.8931456684408658,0.3907719602086672
glodap:1318412,0.856972421297769,0.9180896735610986
glodap:1318427,0.8506011946299168,0.9540234647724901
glodap:1318431,0.8512149706446053,0.9528285648609653
glodap:1318432,0.8536291355687808,0.906326044857451
glodap:1318435,0.8501560218205668,0.9735338695370501
glodap:1318439,0.8558119977369643,0.8730036424451555
glodap:1318443,0.8435707178150551,0.9408030231500106
glodap:1318444,0.8421552002689623,1.0837292891155812
glodap:1318445,0.825967312357534,1.227036932931469
glodap:1318446,0.8479783092952857,0.9811911954302559
glodap:1318463,0.8293309589494129,1.4874070688897518
glodap:1335787,0.8511375677435353,0.5213706623878807
glodap:1335788,0.887779226744442,0.3046465529530451
glodap:1335808,0.9253007253337273,0.1678894468013823
glodap:1335809,0.9277687834896824,0.16024124967771058
glodap:1335827,0.7010587674403723,3.909543447775377
glodap:1335828,0.7593224953127446,1.993624647324168
glodap:1335843,0.9492936502474549,0.12175188205242193
glodap:1335844,0.9097234401549485,0.24774161635855307
glodap:1335859,0.9302569512381069,0.15668591745497906
glodap:1338229,0.9331197938479363,0.17474626551165784
glodap:1338243,0.9164695279359876,0.23457517589099552
glodap:1338249,0.9202968562674414,0.20195689623210455
glodap:1338253,0.9374606156679874,0.1383278559824248
glodap:1338258,0.9106390460192415,0.24420136946946513
glodap:1338263,0.8821016899507867,0.3965382084918474
glodap:1338268,0.92684989811778,0.18227033025914352
glodap:1338280,0.921955559917933,0.20193269340688857
glodap:1338281,0.9140609242003848,0.238350027955903
glodap:1338308,0.919299365669076,0.19274835470559992
glodap:1338330,0.9459698279849817,0.12853714355173906
glodap:1338355,0.90709187769653,0.28479884427042634
glodap:1338378,0.9209566051179081,0.22025646095607954
glodap:1338380,0.9145507930645635,0.2521439228801228
glodap:1338405,0.8587559287138902,0.498027842780175
glodap:1338427,0.9196723409638707,0.17863806143873262
glodap:1338528,0.9314188394007488,0.16382119122863514
glodap:1338529,0.9436096401914256,0.12398516112352809
glodap:1338551,0.9360401198948693,0.15639672241582048
glodap:1338553,0.9319733579529839,0.16864892808735021
glodap:1338574,0.9340956898108743,0.16019892443932804
glodap:1338637,0.925882739906001,0.18634938990294359
glodap:1338652,0.82412266467054,1.1211862351904074
glodap:1338668,0.877152100473495,0.5225651449441102
glodap:1338684,0.908971304685565,0.26753065393950237
glodap:1338698,0.9177687300548314,0.22110593341676577
glodap:1338721,0.8954498990024149,0.33501833741070186
glodap:1338735,0.8333541568711098,0.769609106589769
glodap:1338753,0.8417847667701608,0.6792525258963451
glodap:1338789,0.9099418866928772,0.33795798864412063
glodap:1338806,0.9215507941712531,0.1907780811259272
glodap:1338820,0.9253092058661423,0.17343939214288184
glodap:1338843,0.9249047103646717,0.17311809617308427
glodap:1338860,0.9122632642131521,0.2060930426446248
glodap:1338884,0.909187897834272,0.2105774787341943
glodap:1341079,0.8307222270736929,0.5204563930201402
glodap:1341115,0.8550377023370856,0.44758610961798695
glodap:1341156,0.8414390021637246,0.3473120353542072
glodap:1341173,0.8401186276671524,0.41179998999655254
glodap:1341179,0.8247844597572112,0.43775624122508816
glodap:1341194,0.878262175711825,0.24668797244248708
glodap:1341779,0.9083767331485433,0.20572492550741117
glodap:1341874,0.9088068934584044,0.21629756366928632
glodap:1341892,0.9200933411766528,0.1885018779398706
glodap:1344536,0.886729625293583,0.2805700367173358
glodap:1344559,0.878000748482691,0.36678179467548944
glodap:1344631,0.8518057439016502,0.4835287726821207
glodap:1344665,0.844241556821089,0.5294387799731339
glodap:1344697,0.8713378036700306,0.44630405441853327
glodap:1344763,0.8980367748663411,0.2655725355891718
glodap:1344799,0.8663480469861042,0.40281145733138146
glodap:1344808,0.8715527144024691,0.3782761196403044
glodap:1344815,0.8641408792154834,0.41017347218235045
glodap:1344834,0.876895750490803,0.32488943703310724
glodap:1344952,0.8257680970139063,0.4566294179999204
glodap:1344961,0.8299819228270735,0.43682476490380395
glodap:1345005,0.8279253989926474,0.5201812138193418
glodap:1345044,0.8546533704582089,0.4658858648185742
glodap:1345058,0.8804842982353875,0.321138755246011
glodap:1345103,0.8236986732067635,0.6028261836568163
glodap:1345109,0.8360236431951762,0.49472696922362047
glodap:1345180,0.8701507706723532,0.4603402082125285
glodap:1381731,0.9032858017874332,0.2769542881437701
glodap:1381747,0.8691123579712894,0.4483749984744918
glodap:1384552,0.8031856736254213,0.5275786695085571
glodap:1384588,0.8019815465836473,0.537759517726272
glodap:1384624,0.8052242427568217,0.5170556804366697
glodap:1384660,0.806370957855961,0.5073843356265115
glodap:1384696,0.8040951502177904,0.5173992861180068
glodap:1384732,0.8075835090735382,0.4993388228490403
glodap:1384766,0.8055327908668914,0.5150771456669645
glodap:1384800,0.8257653244183984,0.437404018088273
glodap:1384834,0.789668329809956,0.8210990679717725
glodap:1384867,0.9949541430473801,0.027897809898149717
glodap:1384914,0.7855183477079208,0.7289874374455394
glodap:1384931,0.7494644525138483,1.2080940710402501
glodap:1384955,0.7911671516342267,0.7086371149057413
glodap:1384962,0.7786096029192322,0.7695935071371878
codap:5992,0.8805276168864111,0.4365323543147497
codap:5995,0.8929566897995755,0.3623752146459083
codap:5997,0.9011799972045083,0.3145507293695573
codap:6000,0.9067700688112836,0.2857043346255068
codap:6005,0.904513324287791,0.3026523049752541
codap:6008,0.8815900699094072,0.4587421332114445
codap:6010,0.888131120712842,0.41867165092503456
codap:6013,0.8985207621440168,0.34100619263540466
codap:6015,0.9025632648383635,0.3134796135129818
codap:6020,0.9046891051593775,0.3070651509706295
codap:6022,0.8883028209679651,0.4084919883673592
codap:6025,0.8994183665979563,0.33503098803089415
codap:6027,0.900625713246427,0.3269686851008373
codap:6029,0.903472368305529,0.3120793900161516
codap:6034,0.9018702734520048,0.32240718018147163
codap:6036,0.9039127092685248,0.30719748734099994
codap:6039,0.8936720708279609,0.374171656427734
codap:6041,0.8940121647992783,0.37479526337415336
codap:6043,0.886295992560008,0.4311509671492786
codap:6048,0.8906554335840156,0.37104394773496097
codap:6059,0.8868468954015043,0.3924922531255106
codap:6063,0.868149700070262,0.5426358316735787
codap:6079,0.8788301936215248,0.46541730646276847
codap:6094,0.8877728997424583,0.4219163040311287
codap:6101,0.8939749460928397,0.3716829170325582
codap:6105,0.8988818545865342,0.3457642265252616
codap:6112,0.9186514253240148,0.23605455226493177
codap:6123,0.9011795838268881,0.32606710588243004
codap:6128,0.9058784087089862,0.2860035987939682
codap:6132,0.8969191355176918,0.3179026258180784
codap:6142,0.897777200234259,0.3460959726858164
codap:6145,0.874961467227422,0.5114966923142674
codap:6148,0.8870893540724865,0.414289221257377
codap:6153,0.8935519649842263,0.3731702817185578
codap:6156,0.8834987878706215,0.426806267835218
codap:6161,0.8839477107708262,0.4136951880482229
codap:6164,0.8774400861252616,0.4605231289579024
codap:6169,0.8811845095040098,0.42920583834484205
codap:6172,0.8759709433757052,0.4746700290386343
codap:6177,0.8890089018714207,0.37454530898412486
codap:6180,0.8859666347011625,0.39595754600577493
codap:6191,0.900727548822033,0.31068052092314247
codap:9947,0.8516984521827453,0.5243322641254053
codap:10033,0.8199895722623296,0.523895766535361
codap:10071,0.8562600320988167,0.4797547468817811
codap:10129,0.8588179097425837,0.4480741380746167
codap:10193,0.8528495209588982,0.4699334964961963
codap:10285,0.8576161056205365,0.43103370395328966
codap:10290,0.8492347580752266,0.5093248214050163
codap:10346,0.8606336346974786,0.4867656114702186
codap:10353,0.8613174961560617,0.4844810037620846
codap:10388,0.8689920169058496,0.44560008428766196
codap:10417,0.8915377035743859,0.3392143660482816
codap:10473,0.8738463417500952,0.42640695439081355
codap:10517,0.881324641909714,0.3874654930871202
codap:11002,0.8856715349770639,0.364645784567756
codap:11079,0.8692125539801054,0.38882631824071723
codap:11152,0.8585610059540159,0.4273288068727652
codap:11239,0.8788223855672186,0.3659444737654667
codap:11271,0.8593470518273989,0.4467231548626387
codap:11344,0.8635388877682999,0.4828393982409125
codap:11386,0.863512013429272,0.41076304608009195
codap:11434,0.825791757314164,0.5432664962031595
codap:11460,0.8266590045873272,0.4963453501004551
codap:11476,0.8253964883892877,0.5257906538513453
codap:11571,0.8560873489639107,0.3549584588097332
codap:11695,0.8493572178626891,0.4641165766618087
codap:11944,0.8323661199001435,0.5046203338258692
codap:12070,0.8992553657546978,0.2039394361891027
codap:12311,0.8609008309872479,0.3215690798645028
codap:12365,0.805458965200387,0.5358878038207422
codap:12489,0.7950203857715223,0.5456142039320184
codap:12544,0.7958742344537768,0.5489341316063019
codap:12591,0.7965018155271082,0.5418088531557714
codap:12746,0.8082157264620946,0.49100506508557373
codap:12862,0.7979630724289564,0.5459604488526111
codap:14008,0.8751381342174227,0.4218452462703226
codap:14009,0.8745535771856794,0.42782822120466335
codap:14017,0.8722168892002173,0.4610167074192759
codap:14021,0.8949890993817462,0.33594918813787444
codap:14022,0.8977936149703964,0.3241851310922357
codap:14025,0.8770692725136087,0.41425694571171334
codap:14026,0.8811033503859562,0.3874143745890706
codap:14029,0.8758700030675755,0.44619256336591206
codap:14032,0.8795043122772768,0.3983490687419362
codap:14033,0.8767740612820489,0.4218145900017589
codap:14036,0.8902144398075507,0.36568317000546813
codap:14037,0.8857819441625452,0.3950321976822124
codap:14040,0.8696328740920762,0.4448276998386973
codap:14041,0.8664910506720389,0.45787558900042313
codap:14042,0.865938326245896,0.4616834819714768
codap:14045,0.8798394605735211,0.3905963793058618
codap:14048,0.8790308007635304,0.38937071779059806
codap:14051,0.8716379241509458,0.4358997793126491
codap:14364,0.8829817688013009,0.27476576271783415
codap:14365,0.8654109438696196,0.33377314546419257
codap:14366,0.8687702293309485,0.3055511580439543
codap:14368,0.8446419414437969,0.44474095386772206
codap:14369,0.8567116697108759,0.3788016705202608
codap:14370,0.862367778245698,0.33716818026277906
codap:14371,0.8656584665104674,0.3197030085989354
codap:14372,0.8711944064984891,0.3054459339969071
codap:14375,0.8749886382452132,0.32833727592469586
codap:14376,0.8708136985105739,0.35538189946214516
codap:14377,0.854216477293221,0.45120405070701963
codap:14378,0.844931637327818,0.4533872620602324
codap:14379,0.8456964789618269,0.45336254240419294
codap:14386,0.8381366475591676,0.496765737532769
codap:14392,0.878429577858924,0.3595448230068996
codap:14397,0.8849915103037347,0.32393600604245876
codap:14399,0.9108933265047199,0.22117379322367015
codap:14400,0.9127128045681729,0.21307063756489697
codap:14444,0.8518413612546283,0.34704265307982496
codap:14616,0.8814743698505936,0.35407144031432836
codap:14617,0.9151599841748066,0.18733657480152033
codap:14623,0.8622312979853177,0.49308510926607596
codap:14628,0.8385745297159701,0.5638476007511599
codap:14638,0.8347890375298448,0.5917751809533911
codap:14649,0.8689944804002607,0.41370849491204353
codap:14650,0.8683200095165375,0.40623597384001187
codap:14662,0.8549583056551455,0.483277764545619
codap:14669,0.8698872603702057,0.4015392941050777
codap:14672,0.8909340457707913,0.3691222577285771
codap:14673,0.8900652041634203,0.3740303587164817
codap:14680,0.827215916901423,0.6365414389847501
codap:14690,0.8657577962303549,0.4725303373447787
codap:14700,0.862905046114065,0.5322735216127512
codap:14708,0.8413112704633932,0.6112461238226388
codap:14709,0.8439831676503218,0.5855600242905439
codap:14720,0.8504037020006763,0.5583172507558629
codap:14731,0.8685242263436521,0.48451138909013025
codap:14736,0.8667328475312388,0.4770042122420364
codap:14743,0.8686962231731741,0.47639097024580224
codap:14771,0.8646857144035494,0.5095288320899272
codap:14777,0.8644987121531358,0.4814687702732954
codap:14778,0.864998742308444,0.4784693046256052
codap:14787,0.8679687803569323,0.43091610983788087
codap:14793,0.8686570204499731,0.41675668803259214
codap:16537,0.7937152373028766,0.5628814762683305
codap:16558,0.7926956185319796,0.5569645852303893
codap:16580,0.7936438207041192,0.5728109307640352
codap:16602,0.7926263668564388,0.5925618323476556
codap:16625,0.7907067064695639,0.6135615525922731
codap:16647,0.7872276659577437,0.6513680059172202
codap:16669,0.7895336698534265,0.6055554575923452
codap:16689,0.7870957930153963,0.6415426663306789
codap:16701,0.7894656335138279,0.62420591382579
codap:16709,0.7914832425697114,0.5994072389230496
codap:16716,0.7930641920140715,0.6122859415297626
codap:16749,0.792763948671336,0.5462761934095397
codap:16772,0.7921245261404692,0.543859035863079
codap:16795,0.7908958240500397,0.5558929734970661
codap:16819,0.7937344541321636,0.5483835698919393
codap:16842,0.7941393193461863,0.5607712829353204
codap:16860,0.7944944466669313,0.5612485291401299
codap:16872,0.7970003471637028,0.5460924335575328
codap:16882,0.8005404546131558,0.5158570431301541
codap:16892,0.8116587676295239,0.43565839981738463
codap:16898,0.8041110249803296,0.512796923857195
codap:16906,0.7971243621545909,0.5211776389478473
codap:16920,0.7926846610478151,0.547800417506096
codap:16940,0.7978536110506411,0.5262600887181179
codap:16960,0.7915061707806217,0.568885294779875
codap:16980,0.7909305925377339,0.5731127259950881
codap:17004,0.7930732249396897,0.5588299605508382
codap:17025,0.8029674725505629,0.49288812830241113
codap:17049,0.7929760477320542,0.5623905918071159
codap:17073,0.7910370066333599,0.5746119674447527
codap:17097,0.7896881638762352,0.5808486360258485
codap:17117,0.7946802364717769,0.5449166631956359
codap:17136,0.7969595021622808,0.539617268814709
codap:17140,0.8020875693975995,0.5207759596294181
codap:17144,0.8028762236704097,0.5226859284316561
codap:17150,0.801628849435474,0.53962302422633
codap:17155,0.8061357794945252,0.5271471012874827
codap:17161,0.8051788185748592,0.5166196014906745
codap:17169,0.8062106955553645,0.49889720765827406
codap:17177,0.797920442075565,0.5356352895073542
codap:17187,0.7941401257603502,0.5544359261994032
codap:17210,0.7911427358194487,0.5721080014225208
codap:17257,0.7955279116608835,0.5507409797432956
codap:17279,0.7941855795190804,0.5682651942108805
codap:17303,0.8420703028768912,0.3701377871607292
codap:17309,0.8226984412672209,0.4617112974326574
codap:17317,0.8257429930033595,0.43863166954292865
codap:17322,0.7985453966716705,0.5635842475696791
codap:17343,0.7989409903827891,0.5400823402214883
codap:17367,0.7931026504804777,0.5557960499113506
codap:17414,0.7910550171143313,0.585192359034636
codap:17438,0.7895019688323828,0.6019283810783236
codap:17462,0.7924046953091874,0.5851813923216014
codap:17490,0.8165972809199502,0.5113139629916077
codap:17498,0.795514571302192,0.6598731913788924
codap:17506,0.8155689016969063,0.5273571203249503
codap:17514,0.8152222018104567,0.5252585604014257
codap:17524,0.8140553090163394,0.5262385425905904
codap:17539,0.8072519017448485,0.565624568264866
codap:17556,0.7995591418978165,0.6153058284003237
codap:17580,0.8003546631982772,0.5930116716554039
codap:17604,0.8475881745591778,0.47225041136607615
codap:17614,0.832236624768484,0.5674137599637561
codap:17623,0.8106630524332559,0.6040708455375352
codap:17639,0.8053157774393185,0.6149396197879469
codap:17656,0.7978160942036538,0.6549646098387711
codap:17670,0.7975265759778267,0.6709550186858451
codap:17832,0.8029892909185037,0.5964156958291369
codap:18071,0.8320864139377591,0.5217712688247502
codap:18083,0.8500730701716748,0.4195168469375403
codap:18097,0.8502898177894167,0.47622989253613923
codap:18109,0.8504294415918139,0.45488084204475854
codap:37409,0.8888636797278195,0.42963869063260063
codap:37455,0.8883189458597371,0.4325139455918361
codap:37479,0.8580571147417686,0.7386503854982038
codap:37501,0.8582963309320348,0.7718485580639936
codap:37524,0.8301142650354905,1.276624616052004
codap:37539,0.8329785579678628,1.297272642221742
codap:37563,0.8307140638426063,1.3124863011021262
codap:37585,0.8495332923619117,0.9353877740893495
codap:37693,0.8908259755276049,0.43984357431918397
codap:44898,0.8822909943219202,0.47719459176141754
codap:44935,0.8901723216708888,0.40939548290134553
codap:44983,0.8809179564905207,0.47144606376787124
codap:45047,0.8605743085886388,0.6409832495701266
codap:45069,0.8700456471765392,0.543263864774417
codap:45124,0.8677119871449577,0.5776374584283985
codap:45280,0.887559561596845,0.4261305540289868
codap:45328,0.867907583620763,0.6278511515070022
codap:45352,0.8758908532813621,0.5409049554627927
codap:45376,0.8922448600210373,0.42902006791518943
codap:45611,0.8262483177786635,0.6729241793686924
codap:45635,0.8727700753993304,0.46141252367624475
codap:45683,0.8699800318156576,0.46650495033281913
codap:45696,0.8787653891445188,0.46153483983880506
codap:46595,0.87669176886493,0.6514406298442736
codap:46613,0.8885385018697889,0.5702978039776099
codap:46626,0.8873728872499669,0.4714020117826294
codap:46649,0.8844028623720988,0.4755937015506788
codap:46671,0.8898907113789392,0.4394564135695873
codap:46767,0.8764244586755012,0.53323780022356
codap:46787,0.8927508220526761,0.3949561549379723
codap:46836,0.8745116840113951,0.5576439877017947
codap:46857,0.8692251813249641,0.635164588668431
codap:46880,0.8732349964907371,0.6745208567945156
codap:46889,0.8799772169504649,0.5948377858321692
codap:46990,0.840639211170128,1.1657056108208508
codap:47019,0.8768314410947369,0.6702092153152535
codap:47030,0.8611664917466442,0.8594748575160338
codap:47163,0.8372996838697873,0.5831984535857373
codap:47209,0.8633911619019727,0.5159500963711707
codap:47218,0.8724851254244186,0.480755319146283
codap:47232,0.8757899710155925,0.4892860497282072
codap:47238,0.8719000215753567,0.5401645366423509
codap:54010,0.8933233843845301,0.33423426328636197
codap:54087,0.8809491521251402,0.4142744500200024
codap:62661,0.8824703790057811,0.5312467873973219
codap:62666,0.8905965149310759,0.4700447861880548
codap:62673,0.8775019506438184,0.5694470977914534
codap:62686,0.8788310003581046,0.546819675383631
codap:62697,0.8777913825965697,0.5155721198239007
codap:62716,0.8713667535444074,0.5714413492837593
codap:62724,0.8993728777022625,0.4020257813265289
codap:62725,0.8996105052856365,0.3992325065873956
codap:62744,0.8809650683479049,0.5670608780908424
codap:62745,0.8790916386383287,0.5930337972752113
codap:62754,0.8756658607182999,0.5993054627415404
codap:62755,0.8727166968387792,0.6304521985816791
codap:62764,0.8823457110040636,0.5663659084764276
codap:62804,0.8805913507303558,0.5047464912165651
codap:62814,0.8860975019765647,0.49462508943497596
codap:62826,0.8800840165283716,0.5450665694570489
codap:62837,0.8744700165023005,0.580274177040792
codap:62858,0.8879116062230423,0.5333901091919415
codap:62897,0.891580411843961,0.48052642601328444
codap:62928,0.880938150640759,0.5931094605386988
codap:62959,0.8732577349933308,0.48508121343320454
codap:62972,0.8841745548318158,0.5364565006884732
codap:62985,0.8863652416810055,0.517458869656366
codap:63061,0.8865445571998407,0.46064382770009615
codap:63071,0.8743120324797928,0.4700452443107679
codap:63095,0.8705402601453898,0.5049006146718966
codap:63184,0.8862743435618086,0.5505261215325845
codap:63195,0.8870241398394683,0.5268791676007822
codap:63206,0.8815912195022975,0.5661635290382492
codap:63224,0.8668307854195518,0.6923643326454112
codap:63234,0.8684941586247987,0.6817611583644521
codap:63252,0.8837459889978163,0.4066595601325389
codap:63284,0.8563981841762143,0.4769525504775629
codap:63306,0.8703694447362977,0.47488905824138783
codap:63344,0.8784960522423262,0.5253373223952167
codap:63385,0.8753426492494327,0.5657428894503482
codap:63414,0.8703296860603587,0.5818342979441695
codap:66037,0.9050840248951317,0.4023506811736297
codap:66110,0.9095331675930538,0.35903227462313225
codap:66125,0.9072927348861413,0.33095268859960925
codap:67126,0.909554726229544,0.34128101684518697
codap:67129,0.9108427464157103,0.33324275865015807
codap:72370,0.8838793443817394,0.3520928101725076
codap:72579,0.8853704449632005,0.369538718854983
codap:72683,0.8857771722064172,0.3436369036844553
codap:72711,0.8861758112391271,0.35908660910126855
codap:72737,0.8894001495273187,0.3367139449858314
codap:79615,0.8720994478803732,0.3272180406163443
codap:79620,0.8711340590230066,0.3324316103876299
codap:79628,0.8619394179315805,0.3814703892057878
codap:79631,0.8584914083078274,0.4024914775854995
codap:79641,0.823823853099384,0.5162086783348059
codap:79654,0.8257529481470556,0.5228920287327128
codap:79657,0.8245123281380984,0.5318560462956157
codap:79667,0.8352391434268611,0.5004078811316504
codap:79670,0.8360211891949803,0.49490461323603085
codap:79680,0.8523604052093106,0.3834853419423325
codap:79682,0.8478478520316912,0.41019509827810907
codap:79693,0.8483547840553456,0.4050796121689473
codap:79696,0.8457728773519193,0.4207845530127088
codap:79706,0.8105973890569658,0.5312360412067392
codap:79709,0.8088305798694364,0.5435933330568332
codap:79719,0.801280581526953,0.5607991129195398
codap:79721,0.8033898736066476,0.5458357675574916
codap:79732,0.8494936182846686,0.4423321662086437
codap:79735,0.8502725081900735,0.4372117374809932
codap:79745,0.8618594296344781,0.37310123583688437
codap:79758,0.8163326558187691,0.577634449875859
codap:79761,0.8176791250748465,0.5673468224053977
codap:79771,0.8225486755736711,0.5447505050847212
codap:79774,0.8211529570157836,0.5551064799433334
codap:79784,0.858052798067547,0.4151849256575133
codap:79787,0.8563262323489198,0.42631218610154065
codap:79797,0.8765606155534442,0.3418150791676453
codap:79800,0.8739645120108435,0.356931465824573
codap:79810,0.8832214553933682,0.3357320243551385
codap:79813,0.8839455889742567,0.3315284239763514
codap:79826,0.8225397428543602,0.5702312572921073
codap:79836,0.8404617494859394,0.5055571134957972
codap:79838,0.8410687056700681,0.5011223986598452
codap:79849,0.8667525194025529,0.41880643601052725
codap:79852,0.8655752179361116,0.4267855669736491
codap:79862,0.8722796236015711,0.3674260588231846
codap:79865,0.8727023925596313,0.3648566503532038
codap:79875,0.8806567692479348,0.33934561417504483
codap:79878,0.8792440600250302,0.34761450146197603
codap:79888,0.8763222401710209,0.3746496412466058
codap:79901,0.8770463945645588,0.3631868592799492
codap:79904,0.8776273081018644,0.35962099913103884
codap:79914,0.8759827218439113,0.36975054131539764
codap:79915,0.8766361891453016,0.3656982865391001
codap:81734,0.8987775314999453,0.39525791218511586
codap:81787,0.9043497710435986,0.3593114848672485
codap:81793,0.9027253056001427,0.3605990259752616
codap:81804,0.8937084898348076,0.4153886166150187
codap:81882,0.8849371339972549,0.4193400753201786
codap:81889,0.8912335913826155,0.4136282459951417
codap:81899,0.8840750355695945,0.42197354463223746
codap:81903,0.8924159681344008,0.3691161513499992
codap:88368,0.8057872617164321,0.8092249569740488
codap:88369,0.9051513875365345,0.19728594243247244
codap:88370,0.9069195430215586,0.21719419188275424
codap:88373,0.8450952004723149,0.5129681754060584
codap:88374,0.8462900993702078,0.49065554468438677
codap:88375,0.8389651023680926,0.5612408686679373
codap:88376,0.8328002154280512,0.6111673166005858
codap:88377,0.8235677022519212,0.6737982840807035
codap:88378,0.8197131930210162,0.7056244506279654
codap:88380,0.8174031172220566,0.7184361747240473
codap:88382,0.8276500029253384,0.6505062407788955
codap:88383,0.8358712799793011,0.5885961014512304
codap:88384,0.8382592484408633,0.5713853535710314
codap:88385,0.8377670781198958,0.5762742887625336
codap:88386,0.8520096378495055,0.48453651880959114
codap:88390,0.8490880800698051,0.5179796781133064
codap:88391,0.8449622149187235,0.5285633572484585
codap:88393,0.8397864754601869,0.5559613381478812
codap:88394,0.8370272353868131,0.5839017982511905
codap:88396,0.8334283190336009,0.6250334242074587
codap:88397,0.832279957360015,0.5953662061083378
codap:88399,0.8240476705466335,0.7039703805312456
codap:88400,0.8166822365378721,0.7142381453581947
codap:88403,0.8111411827535449,0.7827430368752175
codap:88404,0.8065340107523298,0.780614679122209
codap:88407,0.8008584050285208,0.8556931473431177
codap:88408,0.7948348037029973,0.8712545314738236
codap:88412,0.7921897341475415,0.8982684286793301
codap:88413,0.7950674772400816,0.8282627563548886
codap:88417,0.7973300285766527,0.8431922906811451
codap:88418,0.7898111174595215,0.9005012892239392
codap:88422,0.7873771274921637,0.8521695684898987
codap:88423,0.780953588889588,0.8785393745670262
codap:88428,0.7815185342519726,0.8145394808648234
codap:88436,0.7810546906302989,0.7882795106684171
codap:88446,0.8425731634949898,0.5269314854858749
codap:88447,0.8130082114505512,0.7385454824832323
codap:88933,0.835713552682364,0.5797930948210706
codap:88934,0.8312706862120649,0.5901054004766593
codap:88935,0.8255281294129873,0.6202491191063473
codap:88936,0.8266116050415349,0.6022028963018329
codap:88937,0.8200069062761486,0.6459906683992358
codap:88938,0.820359062819989,0.6363006966380453
codap:88939,0.815276908612077,0.6710938200324108
codap:88940,0.8179793144195173,0.6521803029509101
codap:88941,0.8221364072373945,0.624121475360198
codap:88942,0.8229653059652264,0.6237015143983626
codap:88943,0.8252641447011229,0.615102855952955
codap:88944,0.8276141609160277,0.610373127678713
codap:88945,0.8328916579021097,0.5848965945997406
codap:88946,0.8389005272165377,0.5487117893376308
codap:88947,0.838672612213486,0.5741679246882541
codap:88948,0.8366008838434027,0.5665331289353617
codap:88949,0.8291081722977651,0.6032729484945776
codap:88950,0.8236661017897404,0.6361524583351184
codap:88951,0.8232614247301626,0.6347140023165139
codap:88952,0.8210529339148707,0.6462617502070316
codap:88954,0.8212749184767745,0.6313505317693853
codap:88956,0.8173464131236869,0.6460391431523931
codap:88958,0.8141637143030493,0.6654368339816301
codap:88960,0.8106070237402037,0.6711610211625612
codap:88962,0.807880841582346,0.6520642397008487
codap:88965,0.8093083829317038,0.6235990602676793
codap:88968,0.8090486414726001,0.6174666810275085
codap:88971,0.8067107180872881,0.6306333316488235
codap:88974,0.8047344471976885,0.6063251277096242
codap:88978,0.8022695466661389,0.5959980040743176
codap:88987,0.802193457494468,0.5903349571563012
codap:88997,0.8028995533018133,0.6518871222403959
codap:88998,0.8212425047743181,0.5302889253962348
codap:88999,0.8074233670561171,0.666041336033004
codap:89000,0.8100300979883741,0.662933392925197
codap:89001,0.8136330428092151,0.6683443099041142
codap:89002,0.8098363845881522,0.7165340245830976
codap:89003,0.808386365268916,0.7429331255877969
codap:89004,0.810204365788195,0.7451005266107131
codap:89005,0.8149740560713781,0.7200045605870855
codap:89006,0.8237062791979497,0.6590555070649771
codap:89007,0.8288037660411192,0.6352457360535482
codap:89008,0.8375840100025016,0.5644066460265549
codap:89009,0.8469940667287119,0.5028494840901203
codap:89010,0.8454490990022805,0.5212796159778463
codap:89011,0.8333479205259664,0.5963364955268844
codap:89012,0.8317362398936439,0.5963384291121656
codap:89013,0.8281590921890256,0.6123400486194441
codap:89014,0.8160791739817341,0.6880439861877221
codap:89015,0.8157061811721178,0.6787589823541111
codap:89016,0.8162046003603791,0.6620613895147471
codap:89017,0.8195751109492448,0.6273065983898505
codap:89018,0.8230109189883024,0.6073636138708025
codap:89019,0.8203590234406875,0.6359958010555147
codap:89020,0.8173750718542578,0.6779895887359544
codap:89021,0.8204598948409512,0.6639282701614775
codap:89022,0.8356491124509375,0.5771511785476378
codap:89023,0.841321129498283,0.5382969195707119
codap:89024,0.8529338040311814,0.46543171618577617
codap:89025,0.859537151917948,0.4261827823670501
codap:89026,0.893343666733017,0.2447905160756818
codap:89030,0.9578017200860813,0.08529758770828266
codap:89032,0.9773209119109652,0.0576879867929847
codap:89034,0.8423053730996344,0.5602157458029069
codap:89035,0.834180008180283,0.6089263924698116
codap:89036,0.8252179652210998,0.6609268588413215
codap:89037,0.8245154947780975,0.6531967543546671
codap:89038,0.8249175977462073,0.6365567869543156
codap:89039,0.8236089049594284,0.6403972711721053
codap:89040,0.815233446201546,0.7012587057263318
codap:89041,0.8126462822378926,0.7046956845167642
codap:89042,0.8095534030103408,0.7101414611997825
codap:89043,0.8107641304732169,0.6937625140571981
codap:89044,0.8087165783863384,0.6933971905864382
codap:89050,0.8713133621290581,0.46993139622645685
codap:89084,0.954336721695654,0.07163269144575679
codap:89144,0.8391273148024538,0.5531857628327543
codap:89220,0.8826167207200797,0.3874383712973213
codap:89230,0.8986467237286888,0.3586702220532061
codap:89241,0.8428208676748454,0.6578023086269695
codap:89264,0.851487809363789,0.4725697816052161
codap:89268,0.8689948395706324,0.30049023125297936
codap:106329,0.8008050175587869,0.5818504490353007
codap:106331,0.8050394650897488,0.5658543723543517
codap:106332,0.8030069196033764,0.5897592245526084
codap:106333,0.8085162222832878,0.5979794668992326
codap:106334,0.8335774192278222,0.4708176960984929
codap:106335,0.8355395594062429,0.4580122605066208
codap:106336,0.8229222081549779,0.5180339006024042
codap:106337,0.8306852024898035,0.4657156922166905
codap:106338,0.8058436767671537,0.5647739918576917
codap:106340,0.8432789442072135,0.4009665081989624
codap:106341,0.8434229531453639,0.3924516245074301
codap:106342,0.871316935727009,0.2715319100925626
codap:106343,0.84889311209281,0.38437000085696127
codap:106344,0.833449044101144,0.44133379029881326
codap:106345,0.8128895347822436,0.5877151855961529
codap:106358,0.7993726007866826,0.5380483302637913
codap:106361,0.8093696450837342,0.4732331013565272
codap:106366,0.806072637019497,0.49075052475063785
codap:106372,0.8074251500690934,0.4807511618803346
codap:106377,0.7992439358567935,0.5329272880721874
codap:106389,0.7996915029350475,0.5225761886063083
codap:106395,0.8044100258350682,0.48650770971516977
codap:106419,0.8047369792816426,0.5002468974362273
codap:106424,0.8007635742774255,0.575454730014826
codap:106510,0.8087454422729934,0.5526012861473646
codap:106511,0.8053823515256227,0.6036172024505504
codap:106512,0.8463020584408696,0.3587031692218261
codap:106513,0.8330040615433063,0.43321260274478846
codap:106514,0.8317076755415655,0.4409169245609519
codap:106516,0.849655344653911,0.38630552132326557
codap:106518,0.8139256871181715,0.5769055460746131
codap:106520,0.8283933860525394,0.5099506430792644
codap:106522,0.8583991467471606,0.34926417399992715
codap:106524,0.8681908428939096,0.3212600917531745
codap:106525,0.8466752208705657,0.4267715706137096
codap:106526,0.8475663670333233,0.4205941816703671
codap:106527,0.8443570340627957,0.43030440512848145
codap:106529,0.8306960872282616,0.5107588968203345
codap:106531,0.8171151198985172,0.5912138528165087
codap:106533,0.810519819842284,0.6224875189832346
codap:106535,0.8189831505446818,0.5802379098668098
codap:106537,0.8249675875763387,0.5468445529504606
codap:106538,0.8391322340658007,0.4650755238253623
codap:106540,0.8376352806103569,0.43819386024006235
codap:106542,0.8510155842723179,0.36037024120878414
codap:106543,0.8510210581084721,0.3606678459095747
codap:106544,0.8436265266641385,0.4169712917000652
codap:106545,0.8456703702554478,0.4049295376880764
codap:106546,0.846542149400193,0.4072414788392962
codap:106547,0.8538534701629032,0.38331586932463324
codap:106548,0.8598235516706154,0.35885081971218824
codap:106836,0.7719629736661773,0.8738003134953942
codap:106837,0.8077422470178135,0.544587752897769
codap:106838,0.743420126896126,1.2132690900052694
codap:106839,0.8323530880620638,0.4716920642645164
codap:106840,0.8188358970533045,0.551336480527425
codap:106841,0.8549456628375083,0.34833290579581444
codap:106842,0.8281897543715786,0.46353934146509346
codap:106843,0.8288345202181517,0.44358676804267816
codap:106844,0.8322134941367949,0.426740348954354
codap:106845,0.8288326604219947,0.4492410071620725
codap:106846,0.837094977709512,0.41052244613774747
codap:106847,0.8184635082748173,0.5342816868110276
codap:106848,0.8501146679882368,0.3798757376243884
codap:106849,0.8380170800387532,0.43013167901654015
codap:106850,0.8219372995190497,0.5179239500971562
codap:106851,0.8480665159136151,0.36018285663612915
codap:106852,0.8275619981154705,0.4716487179530304
codap:106853,0.8364479452434352,0.4320035972887126
codap:106854,0.8278899965625897,0.46377780778084343
codap:106855,0.8307695178982613,0.45503868148762194
codap:106858,0.8226477404086836,0.5012712588618342
codap:106860,0.830833096805236,0.45484575548971407
codap:106862,0.8443249630163336,0.37269790010941506
codap:106863,0.8375438110801952,0.41950450488275237
codap:106864,0.8342844951775987,0.44331545111754167
codap:106865,0.8240236992201062,0.496187203395948
codap:106866,0.830155906300206,0.458226633376853
codap:106869,0.8243312209297073,0.5274088859309813
codap:106871,0.826434731309746,0.5015888163106865
codap:106873,0.8235263867509275,0.5148013902389721
codap:106875,0.8319923199719597,0.4483319070386642
codap:106876,0.835816510751556,0.4383049721268435
codap:106877,0.8361364956540456,0.4281477661656936
codap:106878,0.8304592702497757,0.47616062613451504
codap:106880,0.8334051535548497,0.48607140617059486
codap:106884,0.8208504437484407,0.5447701401435552
codap:106886,0.8262750072076415,0.5127712781022638
codap:106888,0.825843987027838,0.5284203568558041
codap:106890,0.8334538707626962,0.4622464296717226
codap:106891,0.840774298517772,0.4360773988501023
codap:106892,0.8311986910980522,0.49586429492865136
codap:106894,0.822863941853484,0.5598625039501712
codap:106898,0.8286158126502414,0.4508419672324635
codap:106900,0.8300320711286986,0.43493300491763875
codap:106902,0.8322600348942615,0.41211168008476307
codap:106903,0.7962584632725793,0.6469585512563754
codap:122134,0.8977969262541592,0.36956311575795553
codap:123175,0.8519817336277811,0.8104483888052982
codap:123187,0.8773563774188915,0.5429060925848717
codap:123202,0.8518579520869025,0.7989401180134337
codap:123223,0.8908674241340577,0.41644895110403013
codap:123224,0.8961999499538251,0.37718217629640094
codap:123247,0.8947255934451732,0.37560654878598143
codap:123282,0.8956518699055778,0.3684640426668011
codap:124091,0.9116187516647187,0.31286111733561484
codap:124098,0.9288099476525531,0.24552324297656014
codap:124113,0.913325291932324,0.30251368384369925
codap:124120,0.9143301479944057,0.3436216518725814
codap:124135,0.9076135688142131,0.34502974358110805
codap:124142,0.8978969766249065,0.45009352573151773
codap:124157,0.9171365666875317,0.29751287827912165
codap:124164,0.9248767662925275,0.27357752573198013
codap:124179,0.9115241847221114,0.3351338243082864
codap:124186,0.9162500231591366,0.3317512610560698
codap:124215,0.9099561536158944,0.35648944141348693
codap:124228,0.9013138103791789,0.42009964211865736
codap:124242,0.8901810701124759,0.512425159340637
codap:124248,0.9118199776567053,0.321687563022806
codap:151337,0.8518579520869025,0.7989401180134337
codap:151344,0.8773563774188915,0.5429060925848717
codap:151362,0.8908674241340577,0.41644895110403013
codap:151363,0.8961999499538251,0.37718217629640094
codap:151376,0.8947255934451732,0.37560654878598143
codap:151396,0.8956518699055778,0.3684640426668011
codap:157895,0.8437975045719668,0.5701856423706886
codap:157914,0.8418264212073154,0.5954634303811872
codap:157933,0.8391228366656378,0.6169396472030257
codap:157948,0.8365704292864393,0.6506314026046311
codap:157959,0.8312957590014776,0.714189688348597
codap:157969,0.8269621328879566,0.7295377811080925
codap:157975,0.8346179941020182,0.6499717174929174
codap:158053,0.8472537110624216,0.4892744471542301
codap:158149,0.8444562561005569,0.5516730497947719
codap:158174,0.9004490327733947,0.2612714659644553
codap:158747,0.8590310172148747,0.435436058859068
codap:162527,0.9455728184145755,0.12694912389656565
codap:162543,0.9364749273900088,0.13102384818830615
codap:162570,0.8646138944400263,0.4272233137855892
codap:175662,0.9191415062439319,0.2023000155434147
codap:175663,0.9191415062439319,0.2023000155434147
codap:175682,0.9082508129365578,0.2528471139821704
codap:175683,0.9082508129365578,0.2528471139821704
codap:175700,0.9139444576651385,0.22335616744294384
codap:175701,0.9139444576651385,0.22335616744294384
codap:175722,0.9083860179759995,0.2506730378793236
codap:175723,0.9083860179759995,0.2506730378793236
codap:175744,0.8748044417441179,0.42643941836354315
codap:175745,0.8748044417441179,0.42643941836354315
codap:179230,0.8629817064579584,0.45585656394041507
codap:179231,0.8629817064579584,0.45585656394041507
codap:179256,0.8535001986253974,0.5267545717042594
codap:179257,0.8535001986253974,0.5267545717042594
codap:179286,0.9304843285012794,0.14285366073113437
codap:179287,0.9304843285012794,0.14285366073113437
codap:179314,0.9285787372218692,0.1474755376189023
codap:179315,0.9285787372218692,0.1474755376189023
codap:179316,0.9282760676233011,0.1482140229441029
codap:179317,0.9282760676233011,0.1482140229441029
codap:179330,0.9269621911080321,0.1529750636054814
codap:179331,0.9269621911080321,0.1529750636054814
codap:182555,0.9383418727643402,0.13901079210313583
codap:182557,0.9383418727643402,0.13901079210313583
codap:182610,0.9274931064005614,0.18055743752938724
codap:182611,0.9274931064005614,0.18055743752938724
codap:182667,0.9318701316619808,0.15760710091581132
codap:182668,0.9318701316619808,0.15760710091581132
codap:182706,0.9283105652825725,0.1732625244535484
codap:182707,0.9283105652825725,0.1732625244535484
glodap:172932,0.8811106876028134,0.4320424647510208
glodap:173995,0.8352145993310387,0.5832107692951922
glodap:174014,0.8517519336169244,0.47615718018073494
glodap:512013,0.8470579090833326,0.5362756250074199
glodap:512193,0.8458192173177395,0.5314327296825923
glodap:514890,0.8797940414456207,0.4606341287842497
glodap:514926,0.8832805464912781,0.4172757280841779
glodap:514998,0.8840023719731107,0.41543828696649143
glodap:515070,0.883306339030014,0.42409847273847845
glodap:515142,0.8799995424299141,0.44441070573861907
glodap:515214,0.8841099762505564,0.4055797565715693
glodap:515286,0.880204033293694,0.4386110884838672
glodap:515322,0.8761872560023676,0.4683457805283524
glodap:515358,0.8762022347418679,0.47095370604120035
glodap:515385,0.8662030341008631,0.5319965543753824
glodap:515410,0.8516291577013817,0.6731491131981784
glodap:515433,0.8557024423455459,0.6411627946683893
glodap:515455,0.8649972705834443,0.546241427720588
glodap:515471,0.8592053586910424,0.5994518439288186
glodap:515605,0.8711034038738035,0.5053825624372621
glodap:516253,0.8639164789201459,0.46448319655723935
glodap:534091,0.902197982949474,0.35272951316756007
glodap:728323,0.85192750929059,0.5858658814404407
glodap:728397,0.8482311524549004,0.5995690753984491
glodap:728471,0.8452484899196406,0.6463254040459105
glodap:728619,0.8546889604956505,0.5871841866935483
glodap:728777,0.8577120859617935,0.575272174965221
glodap:728778,0.8580378781664422,0.5722641891898093
glodap:728789,0.8556887811832894,0.5913748376251533
glodap:728802,0.8450010281080722,0.6920881625519542
glodap:728803,0.8602354435536199,0.5485749994873004
glodap:728814,0.835721623287327,0.7834418008317243
glodap:728815,0.8391003077356345,0.7463665950817813
glodap:728826,0.8413145706058458,0.7316683732713045
glodap:728827,0.8398367859929294,0.7475893179062041
glodap:728837,0.8512062639974829,0.6335501015823866
glodap:728838,0.85388112569035,0.6080771640818057
glodap:728846,0.866259958611181,0.5177468734259492
glodap:728847,0.865807712937567,0.5214097868476983
glodap:728855,0.8774499648275196,0.45291096697951616
glodap:728856,0.8764622958997279,0.4607265958791231
glodap:728861,0.8936837782141538,0.32893313117256184
glodap:728862,0.8941489218307197,0.32609011220006323
glodap:1053672,0.8696524259253238,0.6753258640937929
glodap:1053689,0.873589669824014,0.6103900389643968
glodap:1053931,0.8629249122773217,0.8265212849466934
glodap:1054098,0.8292354036575489,0.5968397845640538
glodap:1054122,0.8352335623990257,0.5940729973012822
glodap:1292857,0.9459461788806038,0.11989909241083296
glodap:1292861,0.9452565194892486,0.12183173513767542
glodap:1292899,0.9477240868195622,0.11402055101507358
glodap:1292900,0.945129155747054,0.1209232783180596
glodap:1292916,0.9063340287400479,0.28631025615868566
glodap:1294047,0.856071045772751,0.4359722319638877
glodap:1294571,0.8472539791018789,0.5878596234058477
glodap:1294590,0.8626083675751488,0.4718504975619453
glodap:1338907,0.8427056312539207,0.6390194280415926
glodap:1338923,0.8765430022194778,0.3930225761062047
glodap:1338939,0.9219070519779962,0.17910103255690046
glodap:1339506,0.8428559476394639,0.5612869351889458
glodap:1339526,0.836125839755141,0.6803887303337888
glodap:1339557,0.8289909124448513,0.7511108266983229
glodap:1339574,0.8265430877272593,0.7345443192361927
glodap:1339716,0.9020988787137867,0.25636104170348517
glodap:1339818,0.8434840381198683,0.51500530411613
glodap:1339839,0.8465220405671516,0.4931390815215764
glodap:1339858,0.8472850161253973,0.4907537030956064
glodap:1339908,0.8599742326557589,0.4801750136946339
glodap:1340000,0.8442403810190626,0.5513136672943801
glodap:1340120,0.8539810355064219,0.5527360038986444
glodap:1340133,0.8541511063638154,0.5568520211829764
glodap:1340158,0.8961159740065341,0.2938959126631744
glodap:1340165,0.8911850198633147,0.3217170156458451
glodap:1340176,0.8811596305808962,0.3752742519607182
glodap:1340207,0.8529917203622972,0.5118286873341731
glodap:1340229,0.8620162157308187,0.4390333988631028
glodap:1340252,0.8917805138885342,0.2993412721602908
glodap:1340270,0.8991318042017156,0.26506697661125145
glodap:1340284,0.9102515095937633,0.21775153412045256
glodap:1340315,0.8679496328941241,0.4280378820126316
glodap:1340331,0.8843903980200594,0.3346565263150296
glodap:1340349,0.8698325550733443,0.4133133807320064
glodap:1344710,0.8739268061231087,0.4148773553697538
glodap:1345078,0.886720804865945,0.29215646746706625
glodap:1345087,0.8795975886273482,0.3567120178302048
glodap:1345493,0.8583510686401041,0.42774989626036586
glodap:1346342,0.8854730556870436,0.3180821728669798
glodap:1346695,0.8654936849968635,0.3877318801405636
glodap:1346728,0.8546928157834373,0.44274764050851445
glodap:1346852,0.8272361798531165,0.5256802529393099
glodap:1347040,0.8531461184606997,0.4256048609179288
glodap:1347359,0.832325675666425,0.5181735012504305
glodap:1347682,0.8328936716936823,0.44259767025369
glodap:1347736,0.8196424367376949,0.5516648900972996
glodap:1347820,0.8163713267299499,0.47539420046541636
glodap:1347853,0.8011353568938375,0.5391844219739141
glodap:1348068,0.8044705780457662,0.507630662963038
glodap:1348076,0.8032613287866752,0.5173038261905276
glodap:1348095,0.8181442391169185,0.4193366074284768
glodap:1348127,0.8099241703698681,0.4684783626648823
glodap:1348157,0.7927128988349068,0.5670736768847746
